Name,Type,FDC ID,Vitamin C (mg),Vitamin B-1 (mg),Vitamin B-2 (mg),Folate (mcg),Vitamin K (mcg),Trans Fat (g),Saturated Fat (g),Omega-3 EPA (g),Omega-6 (g),Protein (g),Starch (g),Calories (kcal),Fiber (g),Iron (mg),Magnesium (mg),Phosphorus (mg),Sodium (mg),Copper (mg),Manganese (mg),Vitamin A (mcg),Monounsaturated Fat (g),Polyunsaturated Fat (g),Vitamin B-3 (mg),Vitamin B-5 (mg),Vitamin B-6 (mg),Total Fat (g),Carbs (g),Calcium (mg),Potassium (mg),Zinc (mg),Selenium (mcg),Vitamin E (mg),Sugars (g),Vitamin B-12 (mcg),Vitamin D (mcg),Cholesterol (mg),Vitamin B-7 (mcg)
"Almond butter, creamy",Nut and Seed Products,2262074,,0.095,,42.5,0.0,,4.25,,12.6,20.8,,,9.72,4.11,268.0,507.0,0.996,0.975,2.14,,34.7,12.6,3.91,,0.084,53.0,21.2,264.0,745.0,3.18,0.794,16.7,,,,,57.3
"Almond milk, unsweetened, plain, refrigerated",Beverages,2257045,,0.005,0.083,0.0,0.0,,,,,0.656,,,0.0,0.125,8.25,19.1,59.2,0.027,0.056,,,,0.089,,0.0,1.56,0.671,158.0,49.3,0.077,,,,0.449,1.59,,1.42
"Almond milk, unsweetened, plain, shelf stable",Beverages,1999631,,0.0,0.033,0.0,,0.0,0.104,0.0,0.276,0.555,,,0.0,0.29,6.78,29.8,59.6,0.021,0.045,41.4,0.729,0.276,0.074,,0.0,1.22,0.337,173.0,30.8,0.172,0.0,3.32,0.0,0.338,0.927,,1.02
"Anchovies, canned in olive oil, with salt, drained",Finfish and Shellfish Products,2747652,,,,,,,,,,26.9,,,,2.69,228.0,226.0,5400.0,0.235,0.138,,,,,,,9.85,2.41,240.0,298.0,2.54,48.2,,,12.6,,,
"Apple juice, with added vitamin C, from concentrate, shelf stable",Fruits and Fruit Juices,2003590,51.2,0.0,,3.09,,,,,,0.086,,,,0.04,4.86,5.99,4.87,0.003,0.027,,,,0.01,,0.014,0.286,11.4,7.1,95.9,0.002,,,10.3,,,,
"Apples, fuji, with skin, raw",Fruits and Fruit Juices,1750340,,0.006,0.068,0.0,,,,,,0.148,,,2.08,0.015,4.67,9.78,1.01,0.033,0.033,,,,0.091,,0.035,0.162,15.7,5.98,104.0,0.017,,,13.3,,,,
"Apples, gala, with skin, raw",Fruits and Fruit Juices,1750341,,0.011,0.069,0.812,,,,,,0.133,,,2.11,0.06,4.95,8.44,0.279,0.034,0.04,,,,0.089,,0.032,0.15,14.8,6.64,106.0,0.024,,,11.8,,,,
"Apples, granny smith, with skin, raw",Fruits and Fruit Juices,1750342,,0.017,0.075,0.0,,,,,,0.266,,,2.51,0.07,5.06,9.86,0.0,0.035,0.039,,,,0.11,,0.028,0.138,14.1,5.48,116.0,0.023,,,10.7,,,,
"Apples, honeycrisp, with skin, raw",Fruits and Fruit Juices,1750343,,0.009,0.074,0.0,,,,,,0.102,,,1.72,0.0,4.15,7.85,0.138,0.023,0.04,,,,0.074,,0.033,0.1,14.7,3.87,98.0,0.018,,,12.4,,,,
"Apples, red delicious, with skin, raw",Fruits and Fruit Juices,1750339,,0.009,0.066,0.0,,,,,,0.188,,,2.04,0.0,4.7,9.18,0.0,0.024,0.029,,,,0.09,,0.021,0.212,14.8,4.66,95.3,0.02,,,12.2,,,,
"Applesauce, unsweetened, with added vitamin C",Fruits and Fruit Juices,2346414,43.7,,,,,,,,,0.273,,,,0.045,3.94,9.12,0.504,0.039,0.037,,,,,,,0.162,12.3,3.82,108.0,0.003,,,9.66,,,,0.0
"Apricot, with skin, raw",Fruits and Fruit Juices,2710815,3.07,,,,,,,,,0.961,,,1.51,0.163,8.88,22.5,0.0,0.056,0.054,,,,,,,0.405,10.2,11.6,231.0,0.148,,,6.25,,,,0.0
"Arugula, baby, raw",Vegetables and Vegetable Products,2710822,101.0,,,149.0,,,,,,1.65,,,2.28,1.39,42.6,51.2,86.9,0.083,0.514,,,,,,,0.325,5.37,204.0,407.0,0.348,,,,,,,
"Asparagus, green, raw",Vegetables and Vegetable Products,2710823,9.15,0.069,,182.0,,,,,,1.44,,,1.88,0.444,13.8,53.9,2.46,0.132,0.146,,,,1.08,,0.112,0.216,5.1,20.6,278.0,0.596,,,,,,,
"Avocado, Hass, peeled, raw",Fruits and Fruit Juices,2710824,0.0,,,129.0,,,,,,1.81,,,,0.613,32.8,42.4,0.0,0.285,0.197,,,,,,0.167,20.3,8.32,14.5,576.0,0.46,,,,,,,
"Bananas, overripe, raw",Fruits and Fruit Juices,1105073,9.7,0.04,0.0,25.0,0.2,,,,,0.73,0.41,357.0,1.7,,,,,,,1.0,,,0.57,,0.234,0.22,20.1,,,,,,15.8,,,,0.0
"Bananas, ripe and slightly ripe, raw",Fruits and Fruit Juices,1105314,12.3,0.056,0.0,14.0,0.1,,,,,0.74,3.66,97.0,1.7,0.0,28.0,22.0,0.0,0.101,0.258,1.0,,,0.662,,0.209,0.29,23.0,5.0,326.0,0.16,0.0,,15.8,,,,0.0
"Beans, Dry, Black (0% moisture)",Legumes and Legume Products,747444,,,,,,,,,,24.4,36.6,,4.2,5.34,180.0,522.0,,1.12,2.08,,,,,,,1.45,,191.0,1540.0,3.37,,,,,,,
"Beans, Dry, Brown (0% moisture)",Legumes and Legume Products,747433,,,,,,,,,,25.6,37.2,,4.1,4.7,158.0,543.0,,1.03,1.87,,,,,,,1.12,,158.0,1580.0,3.71,,,,,,,
"Beans, Dry, Carioca (0% moisture)",Legumes and Legume Products,747436,,,,,,,,,,25.2,36.0,,4.5,5.87,179.0,535.0,,1.04,1.93,,,,,,,1.44,,194.0,1390.0,3.36,,,,,,,
"Beans, Dry, Cranberry (0% moisture)",Legumes and Legume Products,747437,,,,,,,,,,24.4,36.3,,4.3,5.26,166.0,487.0,,0.757,1.78,,,,,,,1.23,,152.0,1340.0,3.03,,,,,,,
"Beans, Dry, Dark Red Kidney (0% moisture)",Legumes and Legume Products,747440,,,,,,,,,,25.9,36.7,,4.3,6.58,164.0,612.0,,0.865,1.67,,,,,,,1.31,,98.0,1490.0,3.29,,,,,,,
"Beans, Dry, Flor de Mayo (0% moisture)",Legumes and Legume Products,747432,,,,,,,,,,23.3,40.0,,4.0,4.47,182.0,439.0,,0.864,1.7,,,,,,,0.86,,180.0,1490.0,3.42,,,,,,,
"Beans, Dry, Great Northern (0% moisture)",Legumes and Legume Products,747446,,,,,,,,,,24.7,37.9,,4.3,5.48,176.0,519.0,,1.08,1.9,,,,,,,1.24,,192.0,1520.0,3.45,,,,,,,
"Beans, Dry, Light Red Kidney (0% moisture)",Legumes and Legume Products,747438,,,,,,,,,,25.0,36.6,,4.5,6.95,158.0,549.0,,0.786,1.52,,,,,,,1.03,,103.0,1540.0,3.5,,,,,,,
"Beans, Dry, Light Tan (0% moisture)",Legumes and Legume Products,747435,,,,,,,,,,24.6,37.6,,4.3,7.29,178.0,571.0,,0.932,1.69,,,,,,,1.28,,98.0,1230.0,3.23,,,,,,,
"Beans, Dry, Medium Red (0% moisture)",Legumes and Legume Products,747430,,,,,,,,,,25.5,35.4,,4.3,6.27,178.0,548.0,,1.04,2.05,,,,,,,1.04,,193.0,1490.0,3.82,,,,,,,
"Beans, Dry, Navy (0% moisture)",Legumes and Legume Products,747441,,,,,,,,,,24.1,38.1,,4.3,5.29,180.0,523.0,,1.14,2.22,,,,,,,1.51,,229.0,1470.0,3.31,,,,,,,
"Beans, Dry, Pink (0% moisture)",Legumes and Legume Products,747439,,,,,,,,,,23.4,38.1,,4.1,5.46,164.0,491.0,,0.947,1.7,,,,,,,1.2,,137.0,1490.0,3.26,,,,,,,
"Beans, Dry, Pinto (0% moisture)",Legumes and Legume Products,747445,,,,,,,,,,23.7,38.5,,4.1,5.4,170.0,507.0,,0.978,1.78,,,,,,,1.24,,161.0,1510.0,3.43,,,,,,,
"Beans, Dry, Red (0% moisture)",Legumes and Legume Products,747431,,,,,,,,,,21.3,39.7,,4.0,5.05,152.0,380.0,,0.959,1.93,,,,,,,1.16,,148.0,1540.0,2.84,,,,,,,
"Beans, Dry, Small Red (0% moisture)",Legumes and Legume Products,747443,,,,,,,,,,23.5,37.8,,4.1,4.95,167.0,493.0,,0.968,1.76,,,,,,,1.28,,149.0,1520.0,3.23,,,,,,,
"Beans, Dry, Small White (0% moisture)",Legumes and Legume Products,747442,,,,,,,,,,24.5,37.5,,4.3,4.93,182.0,533.0,,1.05,2.07,,,,,,,1.32,,236.0,1540.0,3.54,,,,,,,
"Beans, Dry, Tan (0% moisture)",Legumes and Legume Products,747434,,,,,,,,,,26.8,36.0,,4.4,5.85,198.0,555.0,,1.1,2.16,,,,,,,1.14,,178.0,1620.0,3.5,,,,,,,
"Beans, black, canned, sodium added, drained and rinsed",Legumes and Legume Products,2644285,,,,,,,,,,6.91,11.8,,,1.69,32.5,91.0,218.0,0.336,0.332,,,,,,,1.27,19.8,43.3,253.0,0.74,,,,,,,
"Beans, cannellini, canned, sodium added, drained and rinsed",Legumes and Legume Products,2644287,,,,,,,,,,7.41,11.3,,,1.4,29.3,94.7,164.0,0.219,0.369,,,,,,,1.17,18.8,69.2,203.0,0.516,,,,,,,
"Beans, cannellini, dry",Legumes and Legume Products,2644281,,,,,,,,,,21.6,29.9,,,6.67,154.0,412.0,0.0,0.742,1.78,,,,,,,2.2,59.8,143.0,1420.0,2.72,,,,,,,
"Beans, great northern, canned, sodium added, drained and rinsed",Legumes and Legume Products,2644294,,,,,,,,,,7.03,11.7,,,1.38,29.3,88.6,223.0,0.256,0.463,,,,,,,1.27,19.3,67.2,213.0,0.635,,,,,,,
"Beans, kidney, dark red, canned, sodium added, sugar added, drained and rinsed",Legumes and Legume Products,2644289,,,,,,,,,,7.8,12.2,,,1.44,29.3,104.0,172.0,0.273,0.328,,,,,,,1.26,21.0,56.9,227.0,0.56,,,,,,,
"Beans, kidney, light red, canned, sodium added, sugar added, drained and rinsed",Legumes and Legume Products,2644290,,,,,,,,,,7.31,13.1,,,1.3,25.5,93.6,158.0,0.271,0.345,,,,,,,1.3,21.4,60.2,209.0,0.526,,,,,,,
"Beans, navy, canned, sodium added, drained and rinsed",Legumes and Legume Products,2644286,,,,,,,,,,6.57,12.1,,,1.6,29.6,86.7,190.0,0.29,0.377,,,,,,,1.4,20.0,63.9,184.0,0.631,,,,,,,
"Beans, pinto, canned, sodium added, drained and rinsed",Legumes and Legume Products,2644292,,,,,,,,,,6.69,11.6,,,1.28,27.5,83.1,202.0,0.255,0.317,,,,,,,1.27,19.6,55.2,210.0,0.625,,,,,,,
"Beans, snap, green, canned, regular pack, drained solids",Vegetables and Vegetable Products,321611,,,,,,,,,,1.04,,86.0,,0.78,12.7,23.0,282.0,0.041,0.176,,,,,,,0.39,4.11,36.0,97.0,0.19,,,1.29,,,,
"Beans, snap, green, raw",Vegetables and Vegetable Products,2346400,,0.06,,,43.9,,,,,1.97,,,3.01,0.652,28.2,41.2,0.0,0.098,0.332,,,,0.731,,0.121,0.275,7.41,40.0,290.0,0.35,,,2.33,,,,
"Beef, chuck, roast, boneless, choice, raw",Beef Products,2646174,,,,,,0.669,6.34,,,18.4,,,,2.06,17.0,151.0,48.4,0.054,0.0,,7.02,0.556,,,,17.8,0.0,4.58,281.0,5.39,,,,,,66.8,
"Beef, flank, steak, boneless, choice, raw",Beef Products,2646175,,,,,,0.389,3.55,,,20.1,,,,1.83,18.9,167.0,51.3,0.045,0.002,,3.59,0.314,,,,9.4,0.0,3.84,332.0,5.56,,,,,,57.7,
"Beef, ground, 80% lean meat / 20% fat, raw",Beef Products,2514744,,,,,,0.7,6.84,,,17.5,,,,1.96,16.4,144.0,54.9,0.055,0.0,,7.25,0.485,,,,19.4,0.0,6.89,273.0,3.85,,,,,,67.7,
"Beef, ground, 90% lean meat / 10% fat, raw",Beef Products,2514743,,,,,,0.484,5.05,,,18.2,,,,2.13,16.5,148.0,61.6,0.056,0.0,,4.48,0.361,,,,12.8,0.0,7.14,281.0,4.19,,,,,,65.9,
"Beef, loin, tenderloin roast, separable lean only, boneless, trimmed to 0"" fat, select, cooked, roasted",Beef Products,746758,,,0.4,,,0.359,2.47,0.002,0.329,27.7,,735.0,,3.04,13.7,259.0,54.0,0.097,0.008,,2.26,0.472,5.76,,0.67,6.36,0.0,13.0,352.0,3.7,25.4,,,4.21,,85.0,
"Beef, loin, top loin steak, boneless, lip-on, separable lean only, trimmed to 1/8"" fat, choice, raw",Beef Products,746759,,0.053,0.202,,,0.306,2.56,0.003,0.259,22.8,,648.0,,1.9,11.3,206.0,45.0,0.043,0.002,,2.71,0.364,6.88,0.36,0.575,6.39,0.0,15.0,282.0,3.76,21.3,0.25,,1.72,0.0,58.0,
"Beef, ribeye, steak, boneless, choice, raw",Beef Products,2646172,,,,,,0.974,7.97,,,18.7,,,,1.64,16.7,150.0,42.5,0.043,0.0,,7.73,0.629,,,,20.0,0.0,4.17,288.0,4.06,,,,,,62.7,
"Beef, round, eye of round roast, boneless, separable lean only, trimmed to 0"" fat, select, raw",Beef Products,746760,,,0.185,,,0.129,0.953,0.004,0.113,23.4,,122.0,,1.37,11.4,222.0,50.0,0.035,0.002,,0.951,0.192,6.58,,0.638,2.48,0.0,13.0,312.0,3.38,22.2,,,2.06,,62.0,
"Beef, round, top round roast, boneless, separable lean only, trimmed to 0"" fat, select, raw",Beef Products,746761,,0.064,0.25,,,0.125,0.924,0.002,0.136,23.7,,514.0,,2.34,11.9,220.0,55.0,0.047,0.003,,0.886,0.208,6.16,0.37,0.626,2.41,0.0,13.0,316.0,3.54,22.7,0.21,,1.62,0.0,63.0,
"Beef, round, top round, boneless, choice, raw",Beef Products,2646173,,,,,,0.228,1.7,,,21.5,,,,1.9,22.1,192.0,45.5,0.055,0.003,,1.7,0.238,,,,5.7,0.852,4.07,352.0,3.78,,,,,,59.3,
"Beef, short loin (NY strip steak), raw",Beef Products,2727572,,,,,,,,,,21.3,,,,1.61,19.5,171.0,43.1,0.043,0.002,,,,,,,11.5,0.221,5.04,323.0,3.28,,,,,,57.6,
"Beef, short loin, porterhouse steak, separable lean only, trimmed to 1/8"" fat, select, raw",Beef Products,746762,,,0.23,,,0.28,2.07,0.002,0.178,22.7,,606.0,,2.26,10.7,200.0,43.0,0.075,0.003,,1.9,0.259,5.32,,0.751,5.32,0.0,19.0,266.0,3.52,21.4,,,1.98,,57.0,
"Beef, short loin, t-bone steak, bone-in, separable lean only, trimmed to 1/8"" fat, choice, cooked, grilled",Beef Products,746763,,,0.27,,,0.594,4.68,0.002,0.367,27.3,,219.0,,3.53,20.0,211.0,67.0,0.078,0.003,,4.67,0.514,6.37,,0.753,11.4,0.0,19.0,283.0,4.69,29.7,,,1.88,,80.0,
"Beef, top sirloin steak, raw",Beef Products,2727574,,,,,,,,,,22.0,,,,2.22,22.1,193.0,42.8,0.07,0.002,,,,,,,5.71,0.218,3.7,349.0,3.45,,,,,,60.1,
"Beef,Â tenderloin steak, raw",Beef Products,2727573,,,,,,,,,,21.1,,,,2.53,22.0,190.0,44.8,0.105,0.005,,,,,,,6.46,0.18,4.09,345.0,3.22,,,,,,64.4,
"Beet greens, raw",Vegetables and Vegetable Products,2747653,8.58,,0.142,152.0,,,,,,1.61,,,2.58,3.16,74.4,26.8,280.0,0.076,0.817,,,,,,0.115,0.144,4.66,72.8,369.0,0.315,,,0.89,,,,1.24
"Beets, raw",Vegetables and Vegetable Products,2685576,4.6,,,103.0,,,,,,1.69,,,3.12,0.428,21.0,33.6,112.0,0.161,0.257,,,,,,,0.302,8.79,13.8,342.0,0.31,,,5.1,,,,
"Bison, ground, raw","Lamb, Veal, and Game Products",2727571,,,,,,,,,,19.9,,,,2.17,18.5,166.0,55.7,0.078,0.002,,,,,,,8.88,-0.15,6.83,301.0,3.76,,,,,,64.5,
"Blackberries, raw",Fruits and Fruit Juices,2727581,15.4,,,,,,,,,1.53,,,5.3,0.208,20.6,20.2,1.55,0.145,0.885,,,,,,,,,15.4,167.0,0.189,,,6.52,,,,
"Blackeye pea, canned, sodium added, drained and rinsed",Legumes and Legume Products,2644293,,,,,,,,,,6.92,13.6,,,1.08,27.3,83.0,227.0,0.285,0.222,,,,,,,1.3,19.2,27.8,138.0,0.655,,,,,,,
"Blackeye pea, dry",Legumes and Legume Products,2644284,,,,,,,,,,21.2,37.4,,,5.93,184.0,428.0,3.46,0.936,1.29,,,,,,,2.42,61.8,71.4,1240.0,3.65,,,,,,,
"Blueberries, raw",Fruits and Fruit Juices,2346411,8.06,,,,,,,,,0.703,,,,0.34,6.18,13.0,0.0,0.046,0.423,,,,,,,0.306,14.6,11.7,85.6,0.085,,,9.36,,,,0.3
"Bread, white, commercially prepared",Baked Products,325871,,0.507,0.24,,,0.035,0.821,0.002,1.67,9.43,37.2,1130.0,2.3,3.36,26.9,113.0,477.0,0.124,0.632,,0.717,1.87,4.76,0.548,0.092,3.59,49.2,211.0,117.0,0.88,23.2,,5.34,,,,
"Bread, whole-wheat, commercially prepared",Baked Products,335240,,0.391,0.166,42.0,,0.022,0.732,0.0,1.46,12.3,28.7,1060.0,6.0,2.56,76.6,212.0,450.0,0.226,2.18,,0.616,1.61,4.43,0.65,0.216,3.55,43.1,163.0,250.0,1.76,25.8,2.82,4.41,,,,
"Broccoli, raw",Vegetables and Vegetable Products,747447,91.3,0.077,0.114,65.0,102.0,,0.039,,,2.57,0.0,31.0,2.4,0.69,21.0,67.0,36.0,0.059,0.197,8.0,0.011,0.017,0.639,0.61,0.191,0.34,6.27,46.0,303.0,0.42,1.6,0.15,1.4,,,,
"Brussels sprouts, raw",Vegetables and Vegetable Products,2685575,143.0,,,86.0,,,,,,3.98,,,4.78,0.73,25.0,78.5,25.7,0.038,0.24,,,,,,,0.565,9.62,38.6,477.0,0.366,,,,,,,
"Buckwheat, whole grain",Cereal Grains and Pasta,2512378,,0.539,0.178,,,,,,,11.1,61.6,,4.05,2.44,203.0,374.0,0.0,0.476,1.23,,,,5.37,,0.278,3.04,71.1,13.6,414.0,2.24,13.6,,,,,,18.6
"Bulgur, dry, raw",Cereal Grains and Pasta,2710820,,0.226,,,,,,,,11.8,62.3,,11.7,2.62,119.0,312.0,2.18,0.377,2.64,,,,5.18,,0.223,2.42,75.9,34.1,358.0,2.15,,,,,,,5.48
"Butter, stick, salted",Dairy and Egg Products,790508,,,0.0,5.0,,,45.6,0.024,1.89,,,,,0.06,1.6,22.0,524.0,0.006,0.005,758.0,16.9,2.52,0.0,,0.0,82.2,,21.0,23.0,0.07,0.0,0.0,0.58,0.0,0.4,235.0,0.0
"Butter, stick, unsalted",Dairy and Egg Products,789828,,,,,,,,,,,,,,0.03,1.6,19.0,10.0,0.001,0.0,,,,,,,81.5,,14.0,19.0,0.07,,,,,,234.0,
"Buttermilk, low fat",Dairy and Egg Products,2259792,,0.049,0.196,,0.0,,0.552,,0.022,3.46,,,,0.013,11.0,92.2,92.5,0.001,0.0,,0.199,,0.128,,0.039,1.08,4.81,120.0,158.0,0.426,,,,,0.543,4.79,0.0
"Cabbage, bok choy, raw",Vegetables and Vegetable Products,2685572,30.3,,,68.0,,,,,,1.02,,,1.26,0.439,13.6,30.5,14.3,0.028,0.196,,,,,,,0.234,3.51,61.9,228.0,0.274,,,,,,,
"Cabbage, green, raw",Vegetables and Vegetable Products,2346407,40.3,,,,59.4,,,,,0.961,,,,0.066,13.9,26.9,16.1,0.0,0.248,,,,,,0.138,0.228,6.38,41.8,207.0,0.211,,,,,,,
"Cabbage, napa, leaf, destemmed, raw",Vegetables and Vegetable Products,2727583,,,,,,,,,,1.06,,,1.2,0.255,11.3,34.4,12.6,0.024,0.201,,,,,,0.086,,,35.0,235.0,0.253,,,2.77,,,,2.72
"Cabbage, red, raw",Vegetables and Vegetable Products,2346408,53.9,,,,32.3,,,,,1.24,,,,0.0,13.3,35.8,11.7,0.004,0.309,,,,,,0.179,0.214,6.79,31.0,269.0,0.245,,,,,,,
"Carrots, baby, raw",Vegetables and Vegetable Products,2258587,,0.044,0.116,43.6,,,,,,0.805,,,2.69,0.088,11.1,29.6,62.7,0.041,0.093,,,,0.741,,0.115,0.138,9.08,42.2,237.0,0.16,0.0,,,,,,2.4
"Carrots, frozen, unprepared",Vegetables and Vegetable Products,746764,2.2,0.039,0.047,7.0,15.0,,0.0,0.0,,0.81,0.38,153.0,3.2,0.43,10.8,31.0,66.0,0.08,0.143,,0.0,0.163,0.465,0.196,0.088,0.47,7.92,33.0,210.0,0.28,,0.69,4.2,,,,
"Carrots, mature, raw",Vegetables and Vegetable Products,2258586,,0.065,0.095,37.1,,,,,,0.941,,,3.1,0.15,12.4,39.8,86.6,0.061,0.13,,,,1.41,,0.146,0.351,10.3,30.5,280.0,0.236,0.0,,,,,,2.22
"Cauliflower, raw",Vegetables and Vegetable Products,2685573,67.1,,,97.0,,,,,,1.64,,,1.95,0.334,14.2,39.7,20.0,0.024,0.141,,,,,,,0.238,4.72,20.4,274.0,0.234,,,,,,,
"Celery, raw",Vegetables and Vegetable Products,2346405,,,,,,,,,,0.492,,,,0.0,10.9,21.6,97.2,0.0,0.076,,,,,,0.052,0.162,3.32,46.3,265.0,0.093,0.0,,,,,,
"Cheese, American, restaurant",Dairy and Egg Products,747429,,,,,,1.01,17.7,0.009,0.936,17.5,,1570.0,,0.24,25.0,380.0,1600.0,0.042,0.018,,6.62,1.23,,,,31.1,6.35,508.0,173.0,2.45,,,3.76,,,,
"Cheese, cheddar",Dairy and Egg Products,328637,,0.029,0.441,21.0,2.4,1.14,19.2,0.01,0.772,23.3,,1710.0,,0.16,26.8,458.0,654.0,0.033,0.026,316.0,7.44,1.18,0.052,0.413,0.069,34.0,2.44,707.0,77.0,3.67,28.3,0.75,0.33,1.06,,100.0,
"Cheese, cotija, solid",Dairy and Egg Products,2647443,,,,,,,15.9,,,23.8,,,,0.0,29.9,486.0,1620.0,0.0,0.017,,5.93,,,,,27.2,2.72,700.0,117.0,3.6,,,,,0.0,89.3,
"Cheese, cottage, lowfat, 2% milkfat",Dairy and Egg Products,328841,,0.02,0.234,10.0,,0.069,1.26,0.001,0.049,11.0,,352.0,,0.13,8.9,148.0,321.0,0.03,0.015,69.0,0.469,0.072,0.09,0.508,0.057,2.3,4.31,103.0,120.0,0.61,14.6,0.08,4.1,0.42,,12.0,
"Cheese, dry white, queso seco",Dairy and Egg Products,746765,,0.038,0.23,,1.6,0.877,13.7,0.009,0.705,24.5,,326.0,,0.18,26.7,475.0,1810.0,0.027,0.018,226.0,5.7,1.06,0.083,0.398,0.091,24.3,2.07,661.0,116.0,3.28,22.4,0.49,0.43,1.7,1.83,78.0,
"Cheese, feta, whole milk, crumbled",Dairy and Egg Products,2259796,,0.056,0.444,,1.2,,11.2,,0.424,19.7,,,,0.068,17.7,328.0,1030.0,0.032,0.02,,4.18,,0.264,,0.038,19.1,5.58,371.0,105.0,2.35,,,1.63,,0.0,57.5,0.464
"Cheese, monterey jack, solid",Dairy and Egg Products,2647438,,,,,,,19.2,,,22.6,,,,0.0,29.6,471.0,662.0,0.0,0.011,,6.68,,,,,32.6,1.9,715.0,82.9,3.78,,,,,0.0,99.8,
"Cheese, mozzarella, low moisture, part-skim",Dairy and Egg Products,329370,,0.023,0.36,26.0,1.3,0.705,11.7,0.006,0.489,23.7,,298.0,,0.2,27.2,533.0,699.0,0.035,0.035,203.0,4.65,0.744,0.101,0.415,0.09,20.4,4.44,693.0,116.0,3.62,26.7,0.51,1.81,1.65,,65.0,
"Cheese, oaxaca, solid",Dairy and Egg Products,2647441,,,,,,,12.7,,,22.1,,,,0.0,21.6,380.0,734.0,0.0,0.021,,4.74,,,,,22.1,2.4,532.0,80.7,3.51,,,,,0.0,65.5,
"Cheese, parmesan, grated",Dairy and Egg Products,325036,,0.027,0.345,6.0,1.7,0.896,15.5,0.008,0.861,29.6,,1760.0,,0.45,34.9,634.0,1750.0,0.04,0.066,228.0,6.4,1.2,0.078,0.457,0.081,28.0,12.4,884.0,184.0,4.33,35.0,0.51,0.07,1.35,,87.0,
"Cheese, parmesan, grated, refrigerated",Dairy and Egg Products,2259795,,0.035,0.409,,1.7,,17.2,,0.674,30.1,,,,0.14,35.4,625.0,1050.0,0.042,0.037,,6.02,,0.141,,0.023,29.5,4.33,950.0,74.0,4.62,,,0.638,,0.0,86.0,0.0
"Cheese, pasteurized process cheese food or product, American, singles",Dairy and Egg Products,2647439,,,,,,,13.7,,,15.6,,,,1.3,34.6,880.0,1420.0,0.0,0.065,,4.89,,,,,23.9,8.19,1500.0,212.0,2.38,,,,,4.42,73.2,
"Cheese, pasteurized process, American, vitamin D fortified",Dairy and Egg Products,325198,,0.015,0.247,,3.2,1.15,18.1,0.012,0.808,18.0,,366.0,,0.48,25.1,540.0,1660.0,0.046,0.038,300.0,7.3,1.09,0.095,0.415,0.056,30.6,5.27,866.0,149.0,2.42,20.4,0.79,2.63,1.45,7.5,98.0,
"Cheese, provolone, sliced",Dairy and Egg Products,2647440,,,,,,,16.2,,,23.5,,,,0.0,29.5,494.0,601.0,0.0,0.03,,5.74,,,,,28.1,2.45,749.0,94.8,3.89,,,,,0.0,85.4,
"Cheese, queso fresco, solid",Dairy and Egg Products,2647442,,,,,,,14.0,,,18.9,,,,0.0,27.6,390.0,626.0,0.0,0.0,,4.96,,,,,23.4,2.96,602.0,126.0,2.91,,,,,0.0,76.1,
"Cheese, ricotta, whole milk",Dairy and Egg Products,746766,,0.043,0.327,4.0,0.6,0.351,6.97,0.005,0.259,7.81,,157.0,,0.1,19.7,162.0,105.0,0.0,0.0,127.0,2.56,0.389,0.168,0.673,0.099,11.0,6.86,224.0,230.0,0.56,5.5,0.27,,0.78,,48.0,
"Cheese, swiss",Dairy and Egg Products,746767,,0.011,0.303,9.0,1.4,0.993,18.2,0.009,0.731,27.0,,1640.0,,0.13,33.4,574.0,185.0,0.047,0.027,292.0,7.26,1.14,0.06,0.352,0.07,31.0,1.44,890.0,71.0,4.37,30.1,0.6,0.0,3.02,0.0,93.0,
"Cherries, sweet, dark red, raw",Fruits and Fruit Juices,2346399,10.4,,,,,,,,,1.04,,,,0.105,12.1,23.2,0.0,0.069,0.073,,,,,,0.049,0.192,16.2,12.3,230.0,0.065,,,13.9,,,,
"Chia seeds, dry, raw",Cereal Grains and Pasta,2710819,,0.5,,,,,,,,17.0,0.0,,,6.04,326.0,691.0,0.0,1.57,7.56,,,,8.68,,0.202,32.9,38.3,595.0,642.0,5.56,,,,,,,14.5
"Chicken, breast, boneless, skinless, raw",Poultry Products,2646170,,,,,,0.009,0.349,,,22.5,,,,0.354,26.2,215.0,65.8,0.004,0.0,,0.369,0.296,,,,1.93,0.0,3.94,330.0,0.654,,,,,,72.7,
"Chicken, breast, meat and skin, raw",Poultry Products,2727569,,,,,,,,,,21.4,,,,0.354,25.4,204.0,48.1,0.004,0.002,,,,,,,4.78,-0.428,6.9,332.0,0.624,,,,,,75.4,
"Chicken, broiler or fryers, breast, skinless, boneless, meat only, cooked, braised",Poultry Products,331960,,0.098,0.187,,,0.013,1.01,0.004,0.598,32.1,,695.0,,0.49,32.0,241.0,47.0,0.044,0.012,,1.26,0.766,9.45,1.58,0.921,3.24,0.0,6.0,343.0,0.96,31.9,0.33,,0.2,,116.0,
"Chicken, broilers or fryers, drumstick, meat only, cooked, braised",Poultry Products,331897,,0.088,0.18,,,0.03,1.6,0.004,1.05,23.9,,156.0,,0.94,22.4,184.0,117.0,0.063,0.018,7.0,2.35,1.24,5.05,1.1,0.372,5.95,0.0,12.0,239.0,2.54,27.9,0.17,,0.41,0.1,127.0,
"Chicken, drumstick, meat and skin, raw",Poultry Products,2727566,,,,,,,,,,18.4,,,,0.666,18.6,152.0,91.0,0.044,0.007,,,,,,,5.94,-0.475,8.28,244.0,1.7,,,,,,94.6,
"Chicken, ground, with additives, raw",Poultry Products,2514746,,,,,,0.021,1.56,,,17.9,,,,0.593,20.5,166.0,63.0,0.036,0.005,,2.17,1.38,,,,7.16,0.0,5.82,302.0,1.18,,,,,,81.7,
"Chicken, thigh, boneless, skinless, raw",Poultry Products,2646171,,,,,,0.024,1.66,,,18.6,,,,0.602,21.8,178.0,62.3,0.042,0.0,,2.24,1.42,,,,7.92,0.0,5.65,272.0,1.35,,,,,,91.7,
"Chicken, thigh, meat and skin, raw",Poultry Products,2727567,,,,,,,,,,17.1,,,,0.586,18.5,154.0,63.6,0.039,0.003,,,,,,,13.4,-0.173,5.73,246.0,1.2,,,,,,95.5,
"Chicken, wing, meat and skin, raw",Poultry Products,2727568,,,,,,,,,,18.4,,,,0.511,16.5,133.0,84.1,0.011,0.003,,,,,,,10.6,-0.459,13.6,194.0,1.18,,,,,,98.9,
"Chickpeas (garbanzo beans, bengal gram), canned, sodium added, drained and rinsed",Legumes and Legume Products,2644288,,,,,,,,,,7.02,12.8,,,1.04,28.4,86.5,202.0,0.267,0.745,,,,,,,3.1,20.3,40.5,137.0,0.724,,,,,,,
"Chickpeas, (garbanzo beans, bengal gram), dry",Legumes and Legume Products,2644282,,,,,,,,,,21.3,34.1,,,5.09,135.0,353.0,8.78,0.804,3.58,,,,,,,6.27,60.4,111.0,1070.0,3.12,,,,,,,
"Cod, Pacific or Alaskan, frozen, wild caught",Finfish and Shellfish Products,2747654,,,,,,,,,,14.2,,,,0.0,17.9,279.0,354.0,0.009,0.0,,,,,,,0.216,0.524,9.01,192.0,0.269,22.3,,,0.586,,,
"Collards, raw",Vegetables and Vegetable Products,2685574,89.4,,,168.0,,,,,,2.97,,,3.82,0.75,49.5,45.0,18.4,0.111,0.872,,,,,,,0.77,7.02,276.0,410.0,0.459,,,,,,,
"Cookies, oatmeal, soft, with raisins",Baked Products,333008,,0.295,0.218,34.0,17.1,0.04,4.78,0.004,4.21,5.79,29.8,1800.0,3.3,2.28,32.4,111.0,314.0,0.141,0.755,,4.0,4.89,2.11,0.4,0.07,14.3,69.6,29.0,245.0,0.62,6.0,2.69,34.8,,,,
"Corn flour, masa harina, white or yellow, dry, raw",Cereal Grains and Pasta,2710835,,0.233,,,,,,,,7.56,67.3,,7.04,1.7,93.3,241.0,2.73,0.13,0.413,,,,1.69,,0.229,4.34,76.7,112.0,277.0,1.62,,,,,,,4.68
"Corn, sweet, yellow and white kernels, Â fresh, raw",Vegetables and Vegetable Products,2710826,,0.079,0.138,,,,,,,2.79,4.08,,2.43,0.388,25.8,75.5,0.0,0.056,0.19,,,,1.59,,0.15,1.63,14.7,0.656,237.0,0.556,,,7.37,,,,2.51
"Cottage cheese, full fat, large or small curd",Dairy and Egg Products,2346384,,0.052,,,0.2,,2.6,,0.097,11.6,,,,0.0,9.19,154.0,350.0,0.0,0.0,,0.916,,0.138,,0.047,4.22,4.6,88.3,124.0,0.454,,,,0.662,,18.0,2.28
"Cranberry juice, not fortified, from concentrate, shelf stable",Fruits and Fruit Juices,2003594,0.0,0.018,,8.97,,,,,,0.0,,,,0.126,4.38,3.3,6.34,0.013,0.211,,,,0.009,,0.009,0.338,7.26,6.64,70.6,0.041,,,3.41,,,,
"Cream cheese, full fat, block",Dairy and Egg Products,2346385,,0.038,,,2.4,,19.7,,0.708,5.79,,,,0.0,8.91,108.0,368.0,0.0,0.0,,6.92,,0.092,,0.039,33.5,4.56,97.1,125.0,0.589,,,,0.0,,101.0,1.74
"Cream, heavy",Dairy and Egg Products,2346386,,0.032,,,2.4,,20.4,,0.749,2.02,,,,0.0,5.97,57.0,20.6,0.0,0.0,,7.34,,0.061,,0.031,35.6,3.8,61.2,96.9,0.223,,,,0.0,,103.0,1.44
"Cream, sour, full fat",Dairy and Egg Products,2346387,,0.043,,,1.2,,10.7,,0.385,3.07,,,,0.0,10.1,102.0,50.0,0.0,0.0,,3.8,,0.1,,0.038,18.0,5.56,107.0,154.0,0.392,,,,0.062,,52.7,1.91
"Crustaceans, crab, blue swimming, lump, pasteurized, refrigerated",Finfish and Shellfish Products,2684446,,,,,,,,,,18.6,,,,0.632,43.1,278.0,331.0,1.09,0.148,,,,,,,0.808,0.0,111.0,235.0,3.48,45.8,,,3.12,,114.0,
"Crustaceans, shrimp, farm raised, raw",Finfish and Shellfish Products,2684443,,,,,,,,,,15.6,,,,0.522,22.5,191.0,475.0,0.208,0.029,,,,,,,0.801,0.485,64.6,146.0,0.937,19.5,,,0.996,,136.0,
"Cucumber, with peel, raw",Vegetables and Vegetable Products,2346406,,,,,24.0,,,,,0.625,,,,0.0,10.1,23.2,1.52,0.063,0.085,,,,,,,0.178,2.95,16.3,170.0,0.204,,,,,,,0.962
"Egg, white, dried",Dairy and Egg Products,323793,,,,,,,,,,79.9,,376.0,,0.0,87.6,107.0,1250.0,0.0,0.0,,,,,,,0.65,6.02,104.0,959.0,0.43,,,,,0.0,17.0,
"Egg, white, raw, frozen, pasteurized",Dairy and Egg Products,323697,,,,,,,,,,10.1,,201.0,,0.18,10.6,0.0,144.0,0.0,0.0,,,,,,,0.16,0.74,9.0,130.0,0.02,,,,,0.0,3.0,
"Egg, whole, dried",Dairy and Egg Products,329490,,,,,,,,,,48.1,,575.0,,6.97,44.6,770.0,485.0,0.0,0.0,,,,,,,39.8,1.87,220.0,468.0,5.02,,,,,9.7,1700.0,
"Egg, whole, raw, frozen, pasteurized",Dairy and Egg Products,323604,,,,,,,,,,12.3,,150.0,,1.77,11.2,189.0,121.0,0.0,0.0,,,,,,,10.3,0.91,55.0,117.0,1.2,,,,,2.3,420.0,
"Egg, yolk, dried",Dairy and Egg Products,329716,,,,,,,,,,34.2,,2740.0,,9.28,26.0,982.0,149.0,0.0,0.0,,,,,,,55.5,1.07,270.0,231.0,7.11,,,,,15.7,2340.0,
"Egg, yolk, raw, frozen, pasteurized",Dairy and Egg Products,329596,,,,,,,,,,15.6,,1240.0,,4.13,11.2,443.0,66.0,0.0,0.068,,,,,,,25.1,0.59,119.0,102.0,2.93,,,,,5.8,1000.0,
"Eggplant, raw",Vegetables and Vegetable Products,2685577,0.8,,,20.0,,,,,,0.852,,,2.45,0.0,13.5,22.8,0.442,0.061,0.106,,,,,,,0.12,5.4,11.1,222.0,0.119,,,2.35,,,,
"Eggs, Grade A, Large, egg white",Dairy and Egg Products,747997,,,0.391,,,,,,,10.7,,55.0,,,,,,,,,,,,,,0.0,2.36,,,,17.9,,,,,,
"Eggs, Grade A, Large, egg whole",Dairy and Egg Products,748967,,0.077,0.419,71.0,,,3.2,,1.46,12.4,0.0,617.0,0.0,1.67,11.4,184.0,129.0,0.0,0.0,180.0,3.63,1.82,0.0,,0.063,9.96,0.96,48.0,132.0,1.24,31.1,,0.2,1.02,2.46,411.0,
"Eggs, Grade A, Large, egg yolk",Dairy and Egg Products,748236,,,0.467,,,,,,,16.2,,1400.0,,,,,,,,,,,,,,28.8,1.02,,,,55.8,5.64,,,,,45.9
"Einkorn, grain, dry, raw",Cereal Grains and Pasta,2710827,,0.49,,,,,,,,15.1,56.2,,8.91,3.69,140.0,436.0,0.0,0.549,4.2,,,,5.69,,0.264,3.81,68.7,41.4,432.0,5.23,,,,,,,9.98
"Farro, pearled, dry, raw",Cereal Grains and Pasta,2710828,,0.376,,,,,,,,12.6,61.7,,7.31,3.2,119.0,368.0,0.845,0.47,2.6,,,,5.82,,0.235,3.1,72.1,25.9,385.0,3.97,,,,,,,5.49
"Fennel, bulb, raw",Vegetables and Vegetable Products,2747655,14.7,,,37.0,,,,,,0.922,,,2.05,0.0,15.0,33.4,49.0,0.073,0.124,,,,,,,0.14,5.49,41.3,332.0,0.141,,,3.2,,,,1.94
"Figs, dried, uncooked",Fruits and Fruit Juices,746768,1.2,0.085,0.082,9.0,15.6,,,,,3.3,5.07,249.0,9.8,2.03,67.6,67.0,10.0,0.287,0.51,0.0,,,0.619,0.434,0.106,0.92,63.9,162.0,680.0,0.66,0.6,0.36,47.9,,,,
"Fish, catfish, farm raised, raw",Finfish and Shellfish Products,2684445,,,,,,,1.6,0.015,0.92,16.5,,,,0.0,20.6,166.0,60.5,0.0,0.002,,3.32,1.19,,,,7.31,0.0,7.8,292.0,0.475,9.28,,,2.27,,66.0,
"Fish, cod, Atlantic, wild caught, raw",Finfish and Shellfish Products,2684444,,,,,,,0.044,0.018,0.001,16.1,,,,0.065,18.0,224.0,299.0,0.004,0.0,,0.026,0.081,,,,0.668,0.0,6.59,245.0,0.305,22.8,,,1.25,,47.4,
"Fish, haddock, raw",Finfish and Shellfish Products,333374,,0.02,0.057,,,0.004,0.093,0.042,0.014,16.3,,308.0,,0.17,21.1,227.0,213.0,0.021,0.011,,0.057,0.163,3.36,0.403,0.281,0.45,0.0,11.0,286.0,0.32,25.9,0.45,,1.83,0.5,54.0,
"Fish, pollock, raw",Finfish and Shellfish Products,333476,0.0,0.03,0.08,,0.0,0.016,0.128,0.049,0.004,12.3,,235.0,,0.22,16.1,284.0,333.0,0.031,0.011,3.0,0.073,0.182,0.653,0.237,0.069,0.41,0.0,15.0,160.0,0.31,15.9,0.49,,1.63,0.2,46.0,
"Fish, salmon, Atlantic, farm raised, raw",Finfish and Shellfish Products,2684441,,,,,,,2.28,0.318,2.15,20.3,,,,0.259,25.4,230.0,49.5,0.025,0.0,,5.01,4.06,,,,13.1,0.0,9.42,378.0,0.339,22.8,,,5.7,,62.1,
"Fish, salmon, sockeye, wild caught, raw",Finfish and Shellfish Products,2684440,,,,,,,0.722,0.211,0.05,22.3,,,,0.402,26.2,226.0,53.3,0.062,0.0,,1.14,0.71,,,,4.94,0.0,14.8,330.0,0.425,30.2,,,5.16,,59.3,
"Fish, tilapia, farm raised, raw",Finfish and Shellfish Products,2684442,,,,,,,0.647,0.001,0.24,19.0,,,,0.0,24.3,159.0,93.7,0.0,0.005,,0.769,0.358,,,,2.48,0.0,8.63,342.0,0.3,20.5,,,0.759,,47.6,
"Fish, tuna, light, canned in water, drained solids",Finfish and Shellfish Products,334194,,0.03,0.082,,,0.002,0.224,0.025,0.013,19.0,,376.0,,1.67,22.7,137.0,219.0,0.048,0.019,,0.114,0.259,9.92,0.148,0.32,0.94,0.08,18.0,176.0,0.66,67.8,,0.0,2.57,1.2,36.0,
"Flaxseed, ground",Nut and Seed Products,2262075,,0.537,,41.4,3.68,,3.28,,5.26,18.0,,,23.1,5.78,372.0,556.0,36.7,1.34,2.4,,5.94,24.7,3.76,,0.393,37.3,34.4,230.0,793.0,4.74,136.0,0.0,,,,,33.8
"Flour, 00",Cereal Grains and Pasta,2003586,,0.125,0.091,13.5,,,,,,11.4,,,2.66,0.986,25.8,106.0,0.0,0.168,0.552,,,,1.36,,0.055,1.52,74.4,18.7,136.0,0.791,10.3,,,,,,
"Flour, almond",Nut and Seed Products,2261420,,0.112,0.748,37.8,,,,,,26.2,,,9.27,3.22,251.0,512.0,0.894,0.975,1.81,,,,4.0,,0.1,50.2,16.2,232.0,667.0,2.8,0.742,,,,,,69.1
"Flour, amaranth",Cereal Grains and Pasta,2512371,,0.059,0.175,,,,,,,13.2,55.7,,7.21,7.56,233.0,425.0,0.0,0.518,2.3,,,,0.748,,0.387,6.24,68.8,135.0,396.0,3.0,21.1,,,,,,25.4
"Flour, barley",Cereal Grains and Pasta,2512376,,0.225,0.146,,,,,,,8.72,56.9,,12.8,3.3,88.0,234.0,20.3,0.394,1.18,,,,5.94,,0.2,2.45,77.4,35.6,367.0,2.14,13.1,,,,,,8.61
"Flour, bread, white, enriched, unbleached",Cereal Grains and Pasta,790146,,0.953,0.436,145.0,,,,,,14.3,,1520.0,,5.55,35.9,124.0,3.0,0.194,0.751,,,,6.56,,0.079,1.65,72.8,19.0,127.0,1.06,33.3,,,,,,
"Flour, buckwheat",Cereal Grains and Pasta,2512374,,0.241,0.16,,,,,,,8.88,59.0,,10.4,3.84,167.0,282.0,0.0,0.53,1.54,,,,3.84,,0.17,2.48,75.0,30.6,378.0,1.76,15.7,,,,,,15.1
"Flour, cassava",Vegetables and Vegetable Products,2512377,,0.051,0.068,,,,,,,0.918,79.7,,4.83,3.99,33.6,39.2,13.1,0.077,0.395,,,,0.6,,0.05,0.494,87.3,74.6,198.0,0.41,0.0,,,,,,0.519
"Flour, chestnut",Nut and Seed Products,2515377,4.05,,,,,,0.689,,,5.29,,,8.71,1.62,68.8,134.0,0.0,0.581,2.9,,1.26,1.52,,,,4.64,80.5,55.8,1030.0,1.04,0.0,,,,,,
"Flour, coconut",Nut and Seed Products,2515382,,,,,,,14.0,,,16.1,,,34.2,8.02,248.0,507.0,46.9,2.08,5.29,,0.806,0.111,,,,15.3,58.9,36.0,2090.0,3.7,26.8,,,,,,
"Flour, corn, yellow, fine meal, enriched",Cereal Grains and Pasta,790276,,0.662,0.354,155.0,,,,,,6.2,,1520.0,4.3,4.44,30.1,92.0,0.0,0.082,0.172,,,,5.75,,0.13,1.74,80.8,0.0,144.0,0.62,8.3,,1.04,,,,
"Flour, oat, whole grain",Cereal Grains and Pasta,2261421,,0.39,0.161,34.7,,,,,,13.2,53.4,,10.5,4.0,125.0,372.0,3.62,0.443,3.26,,,,1.94,,0.148,6.31,69.9,42.8,373.0,2.75,38.2,,,,,,20.2
"Flour, pastry, unenriched, unbleached",Cereal Grains and Pasta,1104913,,0.146,0.0,,,,,,,8.75,,1500.0,,0.87,22.4,102.0,1.0,0.159,0.635,,,,0.988,,0.065,1.64,77.2,17.0,142.0,0.74,5.0,,,,,,
"Flour, potato",Vegetables and Vegetable Products,2261422,,0.198,0.115,41.2,,,,,,8.11,62.7,,5.4,12.0,73.6,197.0,47.7,0.231,0.676,,,,5.63,,0.582,0.951,79.9,44.1,1270.0,0.9,1.42,,,,,,0.976
"Flour, quinoa",Cereal Grains and Pasta,2512372,,0.345,0.316,,,,,,,11.9,58.1,,6.3,4.53,164.0,369.0,6.32,0.482,2.02,,,,1.21,,0.222,6.6,69.5,37.6,551.0,2.77,4.1,,,,,,26.2
"Flour, rice, brown",Cereal Grains and Pasta,1104812,,0.322,0.008,,,,,,,7.19,,365.0,,1.5,124.0,319.0,1.0,0.286,2.84,,,,5.99,,0.132,3.85,75.5,10.0,265.0,1.91,9.68,,,,,,
"Flour, rice, glutinous",Cereal Grains and Pasta,1104867,,0.053,0.0,,,,,,,6.69,,1500.0,,0.34,21.2,63.0,6.0,0.17,0.995,,,,1.12,,0.044,1.16,80.1,10.0,80.0,1.34,2.0,,,,,,
"Flour, rice, white, unenriched",Cereal Grains and Pasta,790214,,0.09,0.0,16.0,,,,,,6.94,,359.0,0.5,0.22,22.9,94.0,5.0,0.209,0.892,,,,1.25,,0.052,1.3,79.8,6.0,75.0,1.19,5.3,,,,,,
"Flour, rye",Cereal Grains and Pasta,2512375,,0.216,0.17,,,,,,,8.4,54.1,,13.7,2.54,95.4,280.0,0.0,0.338,2.13,,,,1.16,,0.164,1.91,77.2,32.2,434.0,2.33,16.6,,,,,,8.98
"Flour, semolina, coarse and semi-coarse",Cereal Grains and Pasta,2003588,,0.405,0.247,168.0,,,,,,11.7,,,3.22,1.55,35.2,130.0,0.0,0.227,0.647,,,,3.63,,0.083,1.6,73.8,17.2,174.0,0.947,29.8,,,,,,
"Flour, semolina, fine",Cereal Grains and Pasta,2003589,,0.695,0.34,164.0,,,,,,13.3,,,3.68,2.43,46.3,163.0,0.426,0.286,0.842,,,,5.6,,0.108,1.84,72.0,19.8,208.0,1.24,44.1,,,,,,
"Flour, sorghum",Cereal Grains and Pasta,2512373,,0.27,0.15,,,,,,,8.27,66.3,,6.02,3.72,116.0,262.0,0.0,0.237,1.08,,,,3.95,,0.166,3.59,77.4,11.4,335.0,1.66,12.4,,,,,,24.2
"Flour, soy, defatted",Legumes and Legume Products,1104705,,0.542,0.298,,,,,,,51.1,,1530.0,,7.34,313.0,726.0,2.0,1.51,3.81,,,,3.43,,0.618,3.33,32.9,338.0,2480.0,4.44,45.8,,,,,,
"Flour, soy, full-fat",Legumes and Legume Products,1104766,,0.362,0.363,,,,,,,38.6,,1890.0,,9.51,254.0,607.0,2.0,1.09,3.16,,,,2.74,,0.34,20.7,27.9,258.0,1860.0,3.75,14.3,,,,,,
"Flour, spelt, whole grain",Cereal Grains and Pasta,2003587,,0.298,0.143,38.4,,,,,,14.5,,,9.34,3.77,124.0,362.0,0.0,0.531,2.94,,,,5.47,,0.236,2.54,70.7,30.0,350.0,3.59,9.48,,,,,,10.4
"Flour, wheat, all-purpose, enriched, bleached",Cereal Grains and Pasta,789890,,0.939,0.443,160.0,,,,,,10.9,,366.0,,5.62,26.7,108.0,2.0,0.155,0.758,,,,6.74,,0.066,1.48,77.3,19.0,136.0,0.72,15.7,,,,,,
"Flour, wheat, all-purpose, enriched, unbleached",Cereal Grains and Pasta,789951,,1.05,0.467,159.0,,,,,,13.1,,358.0,,5.41,33.3,115.0,4.0,0.172,0.875,,,,7.07,,0.079,1.48,73.2,21.0,135.0,0.9,14.2,,,,,,
"Flour, wheat, all-purpose, unenriched, unbleached",Cereal Grains and Pasta,790018,,0.298,0.0,23.0,,,,,,12.0,,1510.0,3.0,1.18,36.1,134.0,2.0,0.212,0.819,,,,1.59,,0.085,1.7,74.6,22.0,150.0,1.15,20.1,,,,,,
"Flour, whole wheat, unenriched",Cereal Grains and Pasta,790085,,0.504,0.128,39.0,,,,,,15.1,,1550.0,10.6,3.86,136.0,352.0,3.0,0.452,3.56,,,,5.55,,0.268,2.73,71.2,38.0,376.0,3.24,23.6,,,,,,
"Fonio, grain, dry, raw",Cereal Grains and Pasta,2710829,,0.086,,,,,,,,7.17,78.2,,2.2,2.66,39.1,93.2,2.97,0.36,0.418,,,,0.716,,0.025,1.69,81.3,11.6,43.8,1.85,,,,,,,4.81
"Frankfurter, beef, unheated",Sausages and Luncheon Meats,323121,,0.033,0.154,0.0,,1.59,11.4,0.003,0.625,11.7,,1310.0,,1.14,11.5,128.0,872.0,0.046,0.031,3.0,12.1,0.954,2.25,0.263,0.13,28.0,2.89,15.0,343.0,2.06,,0.51,1.26,0.97,,,
"Garlic, raw",Vegetables and Vegetable Products,1104647,10.0,,,,,,,,,6.62,,597.0,2.7,,,,,,,,,,,,,0.38,28.2,,,,9.8,,,,,,
"Grape juice, purple, with added vitamin C, from concentrate, shelf stable",Fruits and Fruit Juices,2003592,45.6,0.026,,0.664,,,,,,0.258,,,,0.041,7.87,12.0,4.02,0.015,0.166,,,,0.016,,0.039,0.288,15.6,9.74,49.8,0.057,,,14.0,,,,
"Grape juice, white, with added vitamin C, from concentrate, shelf stable",Fruits and Fruit Juices,2003593,55.2,0.0,,1.73,,,,,,0.094,,,,0.119,4.27,12.6,7.19,0.004,0.061,,,,0.006,,0.014,0.265,15.8,7.32,49.0,0.018,,,14.4,,,,
"Grapefruit juice, red, not fortified, not from concentrate, refrigerated",Fruits and Fruit Juices,2003595,24.1,0.033,,19.0,,,,,,0.57,,,,0.015,7.75,14.6,1.03,0.024,0.015,,,,0.019,,0.022,0.267,9.1,8.88,128.0,0.027,,,7.12,,,,
"Grapefruit juice, white, canned or bottled, unsweetened",Fruits and Fruit Juices,325287,39.4,0.062,0.02,12.0,,,,,,0.55,,37.0,0.2,0.07,9.6,17.0,1.0,0.032,0.02,,,,0.253,0.28,0.0,0.7,7.59,16.0,141.0,0.04,,0.22,7.72,,,,
"Grapes, green, seedless, raw",Fruits and Fruit Juices,2346413,3.02,,,,,,,,,0.899,,,,0.199,7.12,22.0,3.17,0.061,0.084,,,,,,,0.232,18.6,9.9,218.0,0.027,,,16.1,,,,0.111
"Grapes, red, seedless, raw",Fruits and Fruit Juices,2346412,3.31,,,,,,,,,0.914,,,,0.162,8.56,24.9,7.0,0.081,0.098,,,,,,,0.164,20.2,10.2,229.0,0.036,,,17.3,,,,0.122
"Green onion, (scallion), bulb and greens, root removed, raw",Vegetables and Vegetable Products,2727585,,,,,,,,,,0.669,,,2.3,1.04,18.9,27.9,9.95,0.035,0.271,,,,,,,,,59.4,232.0,0.248,,,2.62,,,,0.95
"Halibut, frozen, wild caught",Finfish and Shellfish Products,2747656,,,,,,,,,,19.1,,,,0.0,23.1,217.0,108.0,0.0,0.0,,,,,,,0.592,-0.06,4.1,430.0,0.327,53.7,,,0.582,,,
"Ham, sliced, pre-packaged, deli meat (96%fat free, water added)",Sausages and Luncheon Meats,332397,,,,,,0.01,1.12,0.0,0.443,16.7,,106.0,,0.58,18.8,261.0,1040.0,0.05,0.0,,1.47,0.544,,,,3.73,0.27,5.0,425.0,1.52,,,,,,,
"Ham, sliced, restaurant",Pork Products,746952,,,,,,0.017,1.25,0.001,0.477,19.6,,507.0,,0.86,20.3,246.0,1030.0,0.041,0.015,,1.6,0.675,,,,3.68,2.36,6.0,484.0,1.76,,,2.2,,,,
"Hummus, commercial",Legumes and Legume Products,321358,0.0,0.15,0.115,36.0,17.2,0.018,2.22,0.0,6.81,7.35,8.12,229.0,5.4,2.41,71.1,166.0,438.0,0.348,1.06,1.0,6.37,7.48,0.948,0.318,0.143,17.1,14.9,41.0,289.0,1.38,16.2,1.74,0.34,,,,
"Juice, pomegranate, from concentrate, shelf-stable",Fruits and Fruit Juices,2727588,0.0,,,5.87,,,,,,0.0,,,,0.031,6.86,8.94,4.04,0.01,0.052,,,,,,,,,11.0,166.0,0.082,,,13.3,,,,
"Juice, prune, shelf-stable",Fruits and Fruit Juices,2727587,0.0,,,5.29,,,,,,0.423,,,,0.444,15.2,19.0,10.3,0.022,0.125,,,,,,0.081,,,16.2,216.0,0.122,,,14.8,,,,
"Juice, tart cherry, from concentrate, shelf-stable",Fruits and Fruit Juices,2727589,0.0,,,4.67,,,,,,0.147,,,,0.203,12.1,16.1,1.36,0.014,0.089,,,,,,,,,16.2,170.0,0.033,,,10.9,,,,
"Kale, frozen, cooked, boiled, drained, without salt",Vegetables and Vegetable Products,326196,17.8,0.063,0.14,65.0,418.0,,,,,2.94,,151.0,,0.84,25.0,42.0,16.0,0.067,0.542,146.0,,,0.457,0.17,0.063,1.21,5.3,150.0,144.0,0.27,,1.61,1.12,,,,
"Kale, raw",Vegetables and Vegetable Products,323505,93.4,0.113,0.347,62.0,390.0,,,,,2.92,,35.0,4.1,1.6,32.7,55.0,53.0,0.053,0.92,241.0,,,1.18,0.37,0.147,1.49,4.42,254.0,348.0,0.39,,0.66,0.8,,,,
"Ketchup, restaurant",Vegetables and Vegetable Products,747693,,,,,,,,,,1.11,,488.0,,0.43,13.5,25.0,949.0,0.066,0.086,,,,,,,0.55,26.8,14.0,249.0,0.16,,,21.8,,,,
"Khorasan, grain, dry, raw",Cereal Grains and Pasta,2710830,,0.478,,,,,,,,14.8,57.2,,10.5,3.87,130.0,371.0,3.94,0.594,3.26,,,,6.66,,0.258,2.8,71.8,24.1,450.0,4.46,,,,,,,7.35
"Kiwifruit (kiwi), green, peeled, raw",Fruits and Fruit Juices,2710831,58.8,,,32.8,,,,,,1.01,,,2.13,0.037,14.8,27.6,2.28,0.128,0.068,,,,,,,0.64,13.8,24.4,302.0,0.455,,,8.56,,,,
"Kiwifruit, green, raw",Fruits and Fruit Juices,327046,74.7,0.027,0.025,26.0,40.3,,,,,1.06,0.0,241.0,3.0,0.24,15.7,34.0,5.0,0.134,0.064,4.0,,,0.37,0.206,0.061,0.44,14.0,35.0,198.0,0.14,0.2,1.3,8.99,,,,
"Lamb, ground, raw","Lamb, Veal, and Game Products",2727570,,,,,,,,,,17.5,,,,1.64,17.5,156.0,53.4,0.085,0.004,,,,,,,18.6,-0.251,6.58,272.0,3.13,,,,,,75.0,
"Leeks, bulb and greens, root removed, raw",Vegetables and Vegetable Products,2727584,,,,,,,,,,1.47,,,3.0,0.761,15.7,34.6,17.7,0.057,0.124,,,,,,0.208,,,51.4,319.0,0.293,,,3.15,,,,2.94
"Lentils, dry",Legumes and Legume Products,2644283,,,,,,,,,,23.6,37.1,,,7.16,107.0,374.0,0.0,0.838,1.57,,,,,,,1.92,62.2,61.8,949.0,3.86,,,,,,,
"Lettuce, cos or romaine, raw",Vegetables and Vegetable Products,746769,4.6,0.079,0.072,50.0,102.0,,,,,1.24,0.0,70.0,1.8,0.95,13.7,30.0,,0.048,0.127,436.0,,,0.323,0.145,0.078,0.26,3.24,35.0,253.0,0.25,0.4,0.14,1.19,,,,
"Lettuce, iceberg, raw",Vegetables and Vegetable Products,2346388,,0.056,,,20.5,,,,,0.742,,,,0.033,6.31,19.2,16.1,0.033,0.082,,,,0.218,,0.04,0.074,3.37,14.2,139.0,0.173,,,,,,,
"Lettuce, leaf, green, raw",Vegetables and Vegetable Products,2346391,15.2,0.082,,,118.0,,,,,1.09,,,,0.32,12.8,26.6,28.9,0.04,0.156,,,,0.375,,0.071,0.156,4.07,39.8,277.0,0.31,,,,,,,
"Lettuce, leaf, red, raw",Vegetables and Vegetable Products,2346390,9.34,0.061,,,73.2,,,,,0.883,,,,0.402,12.4,24.4,24.9,0.038,0.177,,,,0.329,,0.074,0.106,3.26,42.6,321.0,0.303,,,,,,,
"Lettuce, romaine, green, raw",Vegetables and Vegetable Products,2346389,,0.063,,,83.4,,,,,0.977,,,,0.267,12.0,23.4,23.0,0.049,0.227,,,,0.371,,0.063,0.071,4.06,27.6,260.0,0.252,,,,,,,
"Lobster, tail only, frozen, wild caught",Finfish and Shellfish Products,2747657,,,,,,,,,,13.0,,,,0.173,39.0,175.0,509.0,0.243,0.064,,,,,,,0.367,0.886,71.6,213.0,1.54,63.1,,,0.995,,,
"Mahi mahi, frozen, wild caught",Finfish and Shellfish Products,2747658,,,,,,,,,,19.8,,,,0.052,28.0,224.0,51.9,0.029,0.0,,,,,,,0.377,0.287,6.0,408.0,0.296,50.2,,,1.34,,,
"Mandarin, seedless, peeled, raw",Fruits and Fruit Juices,2710832,21.2,,,,,,,,,1.04,,,1.33,0.0,12.6,19.7,0.0,0.043,0.05,,,,,,,0.458,13.4,44.0,167.0,0.069,,,9.12,,,,
"Mango, Ataulfo, peeled, raw",Fruits and Fruit Juices,2710834,168.0,,,,,,,,,0.688,,,1.29,0.0,10.6,17.7,0.0,0.103,0.104,,,,,,0.108,0.681,17.4,10.0,204.0,0.102,,,11.1,,,,0.562
"Mango, Tommy Atkins, peeled, raw",Fruits and Fruit Juices,2710833,25.5,,,,,,,,,0.562,,,1.75,0.0,10.3,16.4,0.0,0.091,0.106,,,,,,0.071,0.572,15.3,12.4,165.0,0.066,,,10.7,,,,0.925
"Melons, cantaloupe, raw",Fruits and Fruit Juices,746770,10.9,0.049,0.027,14.0,2.7,,,,,0.82,0.02,141.0,0.8,0.38,13.0,17.0,30.0,0.085,0.046,232.0,,,0.694,0.085,0.04,0.18,8.16,9.0,157.0,0.44,1.7,,7.88,,,,
"Melons, honeydew, raw",Fruits and Fruit Juices,2710816,15.7,,,,,,,,,0.531,,,,0.0,9.5,11.7,21.2,0.009,0.035,,,,,,,0.216,8.15,6.58,209.0,0.06,,,7.03,,,,0.712
"Milk, lowfat, fluid, 1% milkfat, with added vitamin A and vitamin D",Dairy and Egg Products,746772,,0.057,0.14,2.0,,0.036,0.568,0.0,0.026,3.38,,43.0,,0.0,12.0,103.0,39.0,0.001,0.0,58.0,0.21,0.032,0.113,0.368,0.06,0.95,5.18,126.0,159.0,0.43,2.1,0.02,4.96,0.61,1.06,5.0,
"Milk, nonfat, fluid, with added vitamin A and vitamin D (fat free or skim)",Dairy and Egg Products,746776,,0.056,0.131,2.0,,0.0,0.049,0.0,0.005,3.43,,144.0,,0.0,12.5,107.0,41.0,0.002,0.001,64.0,0.017,0.006,0.118,0.388,0.058,0.08,4.92,132.0,167.0,0.45,2.0,0.0,5.05,0.58,1.1,3.0,
"Milk, reduced fat, fluid, 2% milkfat, with added vitamin A and vitamin D",Dairy and Egg Products,746778,,0.059,0.137,2.0,,0.07,1.11,0.0,0.045,3.36,,50.0,,0.0,12.0,103.0,39.0,0.001,0.001,83.0,0.4,0.058,0.112,0.39,0.061,1.9,4.9,126.0,159.0,0.43,1.8,0.03,4.89,0.55,1.13,8.0,
"Milk, whole, 3.25% milkfat, with added vitamin D",Dairy and Egg Products,746782,,0.056,0.138,0.0,,0.112,1.86,0.001,0.084,3.27,,251.0,,0.0,11.9,101.0,38.0,0.001,0.0,32.0,0.688,0.108,0.105,0.362,0.061,3.2,4.63,123.0,150.0,0.42,1.9,0.05,4.81,0.54,0.96,12.0,
"Millet, whole grain",Cereal Grains and Pasta,2512379,,0.411,0.136,,,,,,,10.0,67.1,,2.62,2.53,106.0,258.0,0.0,0.488,0.924,,,,4.86,,0.192,4.19,74.4,9.1,214.0,2.26,23.1,,,,,,11.4
"Mushroom, beech",Vegetables and Vegetable Products,2003603,,0.008,0.208,,,,,,,2.18,,,3.14,0.739,10.5,85.9,0.891,0.073,0.156,,,,6.4,,0.105,0.449,6.76,0.432,376.0,0.498,0.38,,,,0.37,,8.07
"Mushroom, crimini",Vegetables and Vegetable Products,2003601,,0.004,0.517,,,,,,,3.09,,,1.78,0.312,10.2,100.0,4.57,0.321,0.061,,,,4.17,,0.112,0.197,4.01,4.1,380.0,0.512,15.3,,,,0.0,,12.6
"Mushroom, enoki",Vegetables and Vegetable Products,2003600,,0.012,0.24,,,,,,,2.42,,,2.94,1.28,12.8,84.1,0.417,0.093,0.09,,,,6.99,,0.119,0.245,8.14,1.43,402.0,0.482,0.0,,,,0.0,,12.5
"Mushroom, king oyster",Vegetables and Vegetable Products,2003599,,0.006,0.244,,,,,,,2.41,,,3.01,0.338,13.5,89.9,0.771,0.047,0.091,,,,6.45,,0.119,0.308,8.5,0.0,294.0,0.625,1.2,,,,0.07,,10.8
"Mushroom, lion's mane",Vegetables and Vegetable Products,1999626,,0.146,0.363,29.6,,,,,,2.5,,,4.38,0.688,11.7,94.0,0.336,0.177,0.18,,,,1.63,,0.066,0.256,7.59,0.0,443.0,0.745,1.77,,,,0.021,,16.9
"Mushroom, maitake",Vegetables and Vegetable Products,2003602,,0.01,0.269,,,,,,,2.2,,,3.07,0.209,11.0,72.4,0.345,0.272,0.058,,,,6.76,,0.071,0.265,6.6,0.0,260.0,0.763,3.27,,,,1.6,,32.6
"Mushroom, oyster",Vegetables and Vegetable Products,1999627,,0.07,0.244,63.1,,,,,,2.9,,,2.85,0.698,13.9,86.2,1.13,0.106,0.086,,,,5.75,,0.099,0.188,6.94,0.0,282.0,0.684,1.38,,,,0.041,,7.04
"Mushroom, pioppini",Vegetables and Vegetable Products,2003604,,0.012,0.426,,,,,,,3.5,,,2.75,0.486,16.0,121.0,0.0,0.276,0.098,,,,6.22,,0.102,0.24,5.76,0.0,392.0,0.857,4.12,,,,0.0,,15.3
"Mushroom, portabella",Vegetables and Vegetable Products,2003598,,0.005,0.465,,,,,,,2.75,,,1.88,0.139,9.04,87.5,5.31,0.203,0.049,,,,3.9,,0.097,0.312,4.66,3.24,349.0,0.389,14.7,,,,0.0,,11.1
"Mushrooms, shiitake",Vegetables and Vegetable Products,1999628,,0.001,0.216,32.1,,,,,,2.41,,,4.17,0.144,14.1,75.8,0.936,0.05,0.173,,,,2.74,,0.159,0.195,8.17,0.766,243.0,0.764,1.24,,,,0.056,,6.05
"Mushrooms, white button",Vegetables and Vegetable Products,1999629,,0.065,0.444,34.8,,,,,,2.89,,,1.72,0.227,10.2,93.0,6.44,0.389,0.054,,,,3.88,,0.077,0.371,4.08,5.46,373.0,0.511,20.0,,,,0.022,,9.07
"Mustard, prepared, yellow",Spices and Herbs,326698,0.4,0.189,0.066,7.0,1.5,0.01,0.252,0.0,0.424,4.25,0.65,61.0,4.3,1.59,47.7,108.0,1100.0,0.074,0.42,4.0,2.59,0.903,0.561,0.263,0.069,3.38,5.3,63.0,150.0,0.64,34.0,0.35,1.42,,,,
"Nectarines, raw",Fruits and Fruit Juices,327357,2.9,0.034,0.027,6.0,2.0,,0.0,0.0,,1.06,0.07,39.0,1.5,0.3,8.8,26.0,13.0,0.082,0.047,21.0,0.0,0.0,1.12,0.185,0.025,0.28,9.18,2.0,131.0,0.21,0.0,0.61,7.89,,,,
"Nuts, almonds, dry roasted, with salt added",Nut and Seed Products,323294,0.0,0.079,1.57,35.0,0.0,0.032,4.56,0.002,14.5,20.4,,2590.0,11.0,3.17,258.0,456.0,256.0,0.87,2.02,2.0,34.2,14.5,3.1,0.237,0.075,57.8,16.2,273.0,684.0,2.8,0.0,19.0,4.17,,,,
"Nuts, almonds, whole, raw",Nut and Seed Products,2346393,,0.16,,,0.0,,3.78,,,21.5,,,10.8,3.74,258.0,503.0,0.0,0.91,2.15,,31.3,11.2,3.77,,0.101,51.1,20.0,254.0,733.0,2.86,,,,,,,57.0
"Nuts, brazilnuts, raw",Nut and Seed Products,2515373,,,,,,,,,,15.0,,,5.98,2.47,351.0,707.0,0.0,1.74,1.26,,,,,,,57.4,21.6,168.0,592.0,3.82,280.0,,,,,,
"Nuts, cashew nuts, raw",Nut and Seed Products,2515374,,,,,,,,,,17.4,,,4.1,5.99,251.0,532.0,4.76,2.22,1.95,,,,,,,38.9,36.3,42.0,638.0,5.07,20.7,,,,,,
"Nuts, hazelnuts or filberts, raw",Nut and Seed Products,2515375,,,,,,,,,,13.5,,,8.41,3.46,156.0,321.0,0.0,1.41,6.06,,,,,,,53.5,26.5,135.0,636.0,2.33,0.0,,,,,,
"Nuts, macadamia nuts, raw",Nut and Seed Products,2515378,,,,,,,,,,7.79,,,7.56,1.88,107.0,208.0,0.0,0.446,11.3,,,,,,,64.9,24.1,52.7,373.0,1.2,32.6,,,,,,
"Nuts, pecans, halves, raw",Nut and Seed Products,2346395,,0.548,,,4.1,,6.46,,,9.96,,,5.79,2.37,103.0,253.0,0.0,0.906,2.28,,39.3,22.9,0.946,,0.171,73.3,12.7,54.8,360.0,3.93,,,,,,,22.7
"Nuts, pine nuts, raw",Nut and Seed Products,2346392,,0.625,,,3.2,,,,,15.7,,,3.94,5.36,206.0,540.0,0.0,1.12,10.2,,,,4.47,,0.255,61.3,18.6,8.74,655.0,5.71,,,,,,,12.9
"Nuts, pistachio nuts, raw",Nut and Seed Products,2515379,,,,,,,,,,20.5,,,6.97,3.46,110.0,500.0,0.0,1.05,1.05,,,,,,,45.0,27.7,117.0,947.0,2.18,23.1,,,,,,
"Nuts, walnuts, English, halves, raw",Nut and Seed Products,2346394,,0.23,,,1.7,,6.05,,,14.6,,,5.21,2.24,142.0,365.0,0.0,1.21,3.0,,9.62,49.3,1.22,,0.66,69.7,10.9,88.3,424.0,2.76,,,,,,,17.3
"Oat milk, unsweetened, plain, refrigerated",Beverages,2257046,,0.04,0.281,0.0,0.4,,,,,0.797,,,0.0,0.261,5.91,89.2,42.0,0.027,0.126,,,,0.096,,0.006,2.75,5.1,148.0,148.0,0.091,0.0,,2.32,0.506,1.7,,1.41
"Oats, whole grain, rolled, old fashioned",Cereal Grains and Pasta,2346396,,0.406,,32.0,,,,,,13.5,53.8,,,4.34,126.0,387.0,0.668,0.428,3.23,,,,0.993,,0.135,5.89,68.7,45.5,350.0,2.74,25.4,,,,,,21.9
"Oats, whole grain, steel cut",Cereal Grains and Pasta,2346397,,0.334,,30.0,,,,,,12.5,54.9,,,3.8,129.0,417.0,0.311,0.411,3.41,,,,0.926,,0.119,5.8,69.8,51.3,376.0,2.84,29.0,,,,,,22.0
"Oil, canola",Fats and Oils,748278,,,,,,,6.61,,17.8,,,,,,,,,,,,62.6,25.3,,,,,,,,,,17.3,,,,,
"Oil, coconut",Fats and Oils,330458,,,,,0.6,0.028,82.5,0.0,1.68,0.0,,833.0,,0.05,0.0,0.0,0.0,0.0,0.0,,6.31,1.7,,,,99.1,0.84,1.0,0.0,0.02,,0.11,,,,,
"Oil, corn",Fats and Oils,748323,,,,,,,13.4,,51.9,,,,,,,,,,,,27.7,52.9,,,,,,,,,,22.6,,,,,
"Oil, olive, extra light",Fats and Oils,1750351,,,,,26.0,0.116,15.8,0.001,9.71,,,,,,,,,,,,66.6,10.4,,,,,,,,,,20.9,,,,,
"Oil, olive, extra virgin",Fats and Oils,748608,,,,,,,15.4,,8.4,,,,,,,,,,,,69.2,9.07,,,,,,,,,,,,,,,
"Oil, peanut",Fats and Oils,1750348,,,,,4.26,0.172,16.2,0.001,19.6,,,,,,,,,,,,57.1,19.9,,,,,,,,,,15.2,,,,,
"Oil, safflower",Fats and Oils,1750350,,,,,5.34,0.129,7.65,0.001,13.6,,,,,,,,,,,,71.6,13.8,,,,,,,,,,46.0,,,,,
"Oil, soybean",Fats and Oils,748366,,,,,,,14.9,,50.9,,,,,,,,,,,,22.1,57.6,,,,,,,,,,12.2,,,,,
"Oil, sunflower",Fats and Oils,1750349,,,,,6.92,0.116,8.99,0.002,20.5,,,,,,,,,,,,63.4,20.7,,,,,,,,,,68.5,,,,,
"Olives, green, Manzanilla, stuffed with pimiento",Fruits and Fruit Juices,332791,0.0,0.041,0.0,0.0,16.6,0.0,2.3,0.0,0.557,1.15,0.33,543.0,4.0,0.31,12.4,7.0,1620.0,0.107,0.047,25.0,8.86,0.661,0.103,0.0,0.0,12.9,4.96,121.0,43.0,0.09,,3.78,0.0,,,,
"Onion rings, breaded, par fried, frozen, prepared, heated in oven",Vegetables and Vegetable Products,324317,1.6,0.196,0.116,31.0,,0.041,2.15,0.0,6.66,4.52,27.2,1210.0,2.4,1.14,20.4,75.0,374.0,0.081,0.435,,2.87,7.58,1.57,0.302,0.127,14.4,36.3,28.0,135.0,0.59,5.6,0.57,4.5,,,,
"Onions, red, raw",Vegetables and Vegetable Products,790577,8.1,,,,,,,,,0.94,,186.0,2.2,0.24,11.4,41.0,1.0,0.058,0.119,,,,,,,0.1,9.93,17.0,197.0,0.17,0.5,,5.76,,,,0.0
"Onions, white, raw",Vegetables and Vegetable Products,1104962,,,,,,,,,,0.89,,148.0,1.2,0.15,9.3,29.0,2.0,0.047,0.099,,,,,,,0.13,7.68,21.0,141.0,0.12,0.0,,5.76,,,,
"Onions, yellow, raw",Vegetables and Vegetable Products,790646,8.2,,,,,,,,,0.83,,160.0,1.9,0.28,9.0,34.0,1.0,0.035,0.144,,,,,,,0.05,8.61,15.0,182.0,0.2,0.0,,5.82,,,,0.0
"Orange juice, no pulp, not fortified, from concentrate, refrigerated",Fruits and Fruit Juices,2003591,26.9,0.07,,29.8,,,,,,0.734,,,,0.065,10.6,18.2,5.23,0.032,0.03,,,,0.04,,0.043,0.325,10.3,12.8,180.0,0.032,,,8.28,,,,
"Orange juice, no pulp, not fortified, not from concentrate, refrigerated",Fruits and Fruit Juices,2003597,30.5,0.075,,29.0,,,,,,0.812,,,,0.071,10.3,19.0,0.075,0.035,0.028,,,,0.029,,0.041,0.356,10.0,9.29,183.0,0.032,,,8.08,,,,
"Oranges, raw, navels",Fruits and Fruit Juices,746771,59.1,0.068,0.051,25.0,0.0,,,,,0.91,0.0,196.0,2.0,0.33,10.7,23.0,9.0,0.064,0.029,,,,0.425,0.261,0.079,0.15,11.8,43.0,166.0,0.11,0.0,,8.57,,,,
"Parsnips, raw",Vegetables and Vegetable Products,2747659,11.8,,,83.4,,,,,,1.27,,,5.35,0.505,22.0,62.5,0.491,0.116,0.239,,,,,,,0.538,19.3,44.2,493.0,0.328,,,10.5,,,,4.29
"Pawpaw, peeled, seeded, raw",Fruits and Fruit Juices,2727577,27.6,,,116.0,,,,,,1.15,1.56,,3.3,0.075,10.6,23.4,0.351,0.105,0.05,,,,,,,,,9.91,221.0,0.085,,,14.1,,,,
"Peaches, yellow, raw",Fruits and Fruit Juices,325430,4.1,0.024,0.031,6.0,3.0,,,,,0.91,0.0,174.0,1.5,0.34,8.0,22.0,13.0,0.078,0.026,24.0,,,0.806,0.153,0.025,0.27,10.1,4.0,122.0,0.23,2.1,,8.39,,,,
"Peanut butter, creamy",Legumes and Legume Products,2262072,,0.121,,97.3,0.0,,8.42,,9.73,24.0,,,6.32,1.85,193.0,393.0,221.0,0.54,1.68,,30.7,9.78,17.2,,0.38,49.4,22.7,49.8,654.0,3.06,20.2,5.41,,,,,87.8
"Peanuts, raw",Legumes and Legume Products,2515376,,,,,,,,,,23.2,,,8.01,1.55,180.0,380.0,1.49,0.46,1.68,,,,,,,43.3,26.5,49.1,636.0,2.78,17.8,,,,,,
"Pear, Anjou, green, with skin, raw",Fruits and Fruit Juices,2710836,5.51,,,,,,,,,0.312,,,2.64,0.0,6.49,12.3,0.398,0.081,0.054,,,,,,,0.371,14.8,9.99,122.0,0.107,,,7.8,,,,0.0
"Pears, raw, bartlett",Fruits and Fruit Juices,746773,4.4,0.012,0.026,6.0,3.8,,,,,0.38,,57.0,3.1,0.17,5.7,10.0,7.0,0.07,0.032,1.0,,,0.164,0.042,0.026,0.16,15.1,8.0,87.0,0.07,0.2,,9.69,,,,
"Peas, green, sweet, canned, sodium added, sugar added, drained and rinsed",Vegetables and Vegetable Products,2644291,,,,,,,,,,4.73,4.48,,,1.14,21.9,77.7,207.0,0.123,0.285,,,,,,,1.15,12.7,28.2,109.0,0.712,,,,,,,
"Peppers, banana or Hungarian wax, seeded, raw",Vegetables and Vegetable Products,2747660,112.0,,,31.8,,,,,,0.723,,,1.79,0.162,10.2,21.8,0.0,0.061,0.113,,,,,,0.287,0.131,4.97,9.82,177.0,0.13,,,2.71,,,,1.16
"Peppers, bell, green, raw",Vegetables and Vegetable Products,2258588,99.5,0.039,0.089,22.2,,,,,,0.715,,,0.942,0.186,9.0,16.8,0.0,0.058,0.1,,,,0.636,,0.247,0.106,4.78,7.5,163.0,0.126,0.0,,,,,,0.0
"Peppers, bell, orange, raw",Vegetables and Vegetable Products,2258591,158.0,0.055,0.102,,,,,,,0.882,,,0.967,0.365,10.4,26.6,0.0,0.035,0.149,,,,1.08,,0.332,0.156,6.7,4.9,201.0,0.242,0.3,,,,,,0.58
"Peppers, bell, red, raw",Vegetables and Vegetable Products,2258590,142.0,0.055,0.142,47.3,,,,,,0.896,,,1.16,0.353,11.0,26.6,0.0,0.04,0.133,,,,1.02,,0.303,0.126,6.65,6.36,213.0,0.202,0.0,,,,,,0.427
"Peppers, bell, yellow, raw",Vegetables and Vegetable Products,2258589,139.0,0.049,0.098,41.6,,,,,,0.819,,,1.07,0.36,10.3,24.8,0.0,0.045,0.142,,,,0.91,,0.292,0.121,6.6,6.69,197.0,0.193,0.0,,,,,,0.46
"Peppers, jalapeno, seeded, raw",Vegetables and Vegetable Products,2747661,89.9,,,27.4,,,,,,0.621,,,1.72,0.038,8.95,19.1,0.0,0.051,0.077,,,,,,0.267,0.149,5.08,10.1,167.0,0.094,,,2.7,,,,1.2
"Peppers, poblano, seeded, raw",Vegetables and Vegetable Products,2747662,128.0,,,26.0,,,,,,1.43,,,2.07,0.117,10.7,22.4,0.0,0.064,0.148,,,,0.645,,0.309,0.191,5.14,8.37,192.0,0.128,,,2.68,,,,1.36
"Peppers, serrano, seeded, raw",Vegetables and Vegetable Products,2747663,94.6,,,28.2,,,,,,0.856,,,2.52,0.057,12.7,24.2,0.0,0.061,0.129,,,,,,0.39,0.141,6.14,12.9,224.0,0.138,,,2.52,,,,2.06
"Pickles, cucumber, dill or kosher dill",Vegetables and Vegetable Products,324653,2.1,0.047,0.057,8.0,16.8,,,,,0.48,,12.0,1.0,0.23,7.1,16.0,808.0,0.026,0.056,4.0,,,0.109,0.2,0.034,0.43,1.99,54.0,112.0,0.11,,0.12,1.28,,,,
"Pineapple, raw",Fruits and Fruit Juices,2346398,58.6,0.064,,,,,,,,0.461,,,0.935,0.054,13.4,5.42,0.0,0.095,0.866,,,,0.228,,0.11,0.211,14.1,12.5,137.0,0.107,,,11.4,,,,
"Plantains, overripe, raw",Fruits and Fruit Juices,2710843,19.1,,0.102,,,,,,,1.17,7.44,,1.79,0.315,31.7,28.9,0.0,0.103,0.211,,,,,,0.196,0.99,29.2,3.9,408.0,0.149,,,19.2,,,,
"Plantains, ripe, raw",Fruits and Fruit Juices,2710817,20.1,,0.1,,,,,,,1.16,13.6,,2.12,0.319,33.9,30.1,0.0,0.1,0.205,,,,,,0.189,0.893,31.0,3.82,396.0,0.147,,,14.2,,,,
"Plantains, underripe, raw",Fruits and Fruit Juices,2710818,18.5,,0.092,,,,,,,1.23,27.8,,2.53,0.334,29.5,27.9,0.0,0.109,0.153,,,,,,0.159,0.685,33.6,4.83,406.0,0.185,,,2.41,,,,
"Plum, black, with skin, raw",Fruits and Fruit Juices,2710837,1.82,,,,,,,,,0.578,,,1.35,0.0,6.62,18.6,0.0,0.054,0.04,,,,,,,0.282,13.5,4.03,186.0,0.045,,,7.96,,,,0.0
"Pork, belly, with skin, raw",Pork Products,2727576,,,,,,,,,,15.2,,,,0.382,12.2,114.0,49.7,0.033,0.002,,,,,,,35.8,-0.705,4.2,208.0,1.07,,,,,,66.6,
"Pork, chop, center cut, raw",Pork Products,2727575,,,,,,,,,,22.8,,,,0.421,23.4,202.0,39.3,0.034,0.002,,,,,,,5.48,-0.562,4.12,366.0,1.32,,,,,,57.3,
"Pork, cured, bacon, cooked, restaurant",Pork Products,749420,,,,,,0.15,12.6,0.003,5.23,40.9,,2090.0,,1.28,36.5,415.0,1830.0,0.13,0.02,,15.8,6.0,,,,36.5,2.1,13.0,557.0,3.56,,,3.14,,,,
"Pork, ground, raw",Pork Products,2514745,,,,,,0.066,6.28,,,17.8,,,,0.788,19.0,173.0,53.6,0.067,0.0,,7.78,2.55,,,,17.5,0.0,5.86,318.0,2.23,,,,,,71.2,
"Pork, loin, boneless, raw",Pork Products,2646168,,,,,,0.029,3.28,,,21.1,,,,0.452,22.0,197.0,40.2,0.038,0.0,,3.95,1.38,,,,9.47,0.0,4.11,361.0,1.57,,,,,,55.9,
"Pork, loin, tenderloin, boneless, raw",Pork Products,2646169,,,,,,0.01,0.866,,,21.6,,,,0.929,24.7,217.0,41.4,0.077,0.003,,0.862,0.418,,,,3.9,0.0,4.53,397.0,1.77,,,,,,59.6,
"Potatoes, gold, without skin, raw",Vegetables and Vegetable Products,2346403,23.3,0.051,,,0.8,,,,,1.81,,,,0.373,22.3,57.0,2.24,0.13,0.16,,,,1.58,,0.145,0.264,16.0,5.94,446.0,0.374,0.0,,0.645,,,,
"Potatoes, red, without skin, raw",Vegetables and Vegetable Products,2346402,21.3,0.066,,,1.1,,,,,2.06,,,,0.391,23.6,55.6,2.86,0.091,0.165,,,,1.48,,0.144,0.248,16.3,5.13,472.0,0.392,0.0,,0.664,,,,
"Potatoes, russet, without skin, raw",Vegetables and Vegetable Products,2346401,10.9,0.074,,,1.5,,,,,2.27,,,,0.384,25.6,55.2,2.74,0.091,0.152,,,,1.5,,0.157,0.36,17.8,7.8,450.0,0.378,0.0,,0.526,,,,
"Radicchio, raw",Vegetables and Vegetable Products,2747664,6.18,,,117.0,,,,,,1.31,,,2.11,0.401,13.0,35.5,8.08,0.059,0.301,,,,,,,0.143,4.96,30.9,335.0,0.2,,,2.25,,,,2.03
"Radishes, red, raw",Vegetables and Vegetable Products,2747665,17.8,,,63.2,,,,,,0.656,,,1.31,0.0,8.94,17.9,51.2,0.002,0.07,,,,,,,0.083,4.06,21.5,198.0,0.104,,,2.64,,,,0.862
"Raspberries, raw",Fruits and Fruit Juices,2346410,23.0,,,,,,,,,1.01,,,,0.45,19.2,27.5,0.0,0.053,0.494,,,,,,,0.188,12.9,16.4,156.0,0.221,,,2.68,,,,3.43
"Restaurant, Chinese, fried rice, without meat",Restaurant Foods,334536,,,,,,0.009,0.493,0.0,0.998,3.84,,729.0,,0.46,9.7,44.0,361.0,0.086,0.428,22.0,0.588,1.13,,,,3.19,32.5,11.0,69.0,0.69,,,0.62,,0.0,,
"Restaurant, Chinese, sweet and sour pork",Restaurant Foods,746774,2.3,0.235,0.103,,27.8,0.087,2.68,0.004,6.2,8.88,11.7,260.0,1.0,3.07,13.0,133.0,304.0,0.06,0.173,29.0,3.49,7.05,2.11,0.443,0.17,13.6,25.5,46.0,152.0,1.07,9.7,0.89,10.3,0.19,,24.0,
"Restaurant, Latino, pupusas con frijoles (pupusas, bean)",Restaurant Foods,334720,,0.077,0.03,,7.4,0.057,2.19,0.003,2.49,5.59,23.6,229.0,5.8,1.46,53.6,144.0,305.0,0.141,0.344,,2.95,2.88,0.867,0.303,0.172,9.01,31.5,51.0,305.0,0.94,7.0,0.36,1.3,,,,
"Restaurant, Latino, tamale, pork",Restaurant Foods,334628,,0.04,0.05,,5.1,0.058,2.69,0.002,1.82,7.38,12.5,174.0,2.4,0.87,26.2,120.0,473.0,0.05,0.186,12.0,3.2,2.03,1.29,0.365,0.132,9.04,15.8,75.0,152.0,1.2,9.8,0.53,0.46,0.12,,20.0,
"Rice, black, unenriched, raw",Cereal Grains and Pasta,2710825,,0.319,,,,,,,,7.57,71.4,,4.18,1.12,113.0,307.0,0.0,0.21,3.91,,,,8.28,,0.202,3.44,77.2,14.4,256.0,1.72,,,,,,,4.88
"Rice, brown, long grain, unenriched, raw",Cereal Grains and Pasta,2512380,,0.326,0.102,,,,,,,7.25,71.6,,3.02,1.24,115.0,303.0,0.0,0.266,2.7,,,,6.27,,0.161,3.31,76.7,8.06,250.0,1.85,14.8,,,,,,4.99
"Rice, red, unenriched, dry, raw",Cereal Grains and Pasta,2710838,,0.339,,,,,,,,8.56,70.8,,4.2,1.2,126.0,314.0,0.438,0.269,2.63,,,,6.68,,0.137,3.44,76.2,9.22,245.0,2.56,,,,,,,4.79
"Rice, white, long grain, unenriched, raw",Cereal Grains and Pasta,2512381,,0.065,0.08,,,,,,,7.04,74.4,,0.149,0.14,26.5,108.0,0.462,0.214,0.981,,,,1.43,,0.058,1.03,80.3,4.46,82.3,1.35,6.6,,,,,,0.0
"Rutabaga, peeled, raw",Vegetables and Vegetable Products,2727580,,,,,,,,,,0.888,,,2.9,0.137,15.4,38.9,4.59,0.024,0.078,,,,,,0.199,,,42.0,267.0,0.211,,,6.01,,,,1.61
"Salt, table, iodized",Spices and Herbs,746775,,,,,,,,,,,,,,0.0,0.0,0.0,38700.0,0.0,0.032,,,,,,,,,50.0,2.0,0.0,,,,,,,
"Sauce, pasta, spaghetti/marinara, ready-to-serve","Soups, Sauces, and Gravies",332282,,,,,,0.005,0.17,0.0,0.424,1.41,0.0,186.0,1.8,0.78,18.5,34.0,419.0,0.081,0.137,32.0,0.376,0.504,,,,1.48,8.05,27.0,319.0,0.2,,,5.5,,,,
"Sauce, salsa, ready-to-serve","Soups, Sauces, and Gravies",746777,,0.035,,,4.2,,,,,1.44,0.0,29.0,1.8,0.42,15.2,32.0,656.0,0.065,0.11,24.0,,,1.12,0.202,0.176,0.19,6.74,28.0,258.0,0.2,,1.22,3.81,,,,
"Sausage, Italian, pork, mild, cooked, pan-fried",Sausages and Luncheon Meats,746780,,0.31,0.242,0.0,0.0,0.1,9.15,0.005,4.31,18.2,,1350.0,,1.29,18.6,145.0,766.0,0.074,0.033,22.0,11.6,4.96,5.73,0.783,0.343,26.2,2.15,12.0,310.0,2.41,20.2,0.8,1.46,1.06,,80.0,
"Sausage, breakfast sausage, beef, pre-cooked, unprepared",Sausages and Luncheon Meats,746779,19.2,0.054,0.132,,,1.18,11.3,0.0,1.57,13.3,,1370.0,,1.55,19.7,124.0,866.0,0.075,0.174,18.0,12.7,1.91,2.43,0.322,0.15,28.7,3.37,35.0,263.0,2.14,11.6,0.33,1.0,1.13,,61.0,
"Sausage, pork, chorizo, link or ground, cooked, pan-fried",Sausages and Luncheon Meats,746781,,0.365,0.42,10.0,6.0,0.115,9.45,0.003,4.13,19.3,,1450.0,,2.34,30.1,207.0,983.0,0.13,0.188,0.0,11.7,4.74,7.06,1.2,0.554,28.1,2.63,37.0,435.0,2.19,25.9,1.5,,1.21,,107.0,
"Sausage, turkey, breakfast links, mild, raw",Sausages and Luncheon Meats,746783,,0.047,0.296,,0.4,0.104,2.53,0.002,2.8,16.7,,169.0,,1.17,18.9,178.0,599.0,0.07,0.035,,3.07,3.15,5.02,0.952,0.335,10.4,0.93,32.0,310.0,2.58,12.5,0.24,,1.2,,78.0,
"Scallops, bay, Patagonian, frozen, wild caught",Finfish and Shellfish Products,2747666,,,,,,,,,,16.4,,,,0.172,46.4,229.0,252.0,0.0,0.003,,,,,,,0.419,2.28,14.0,292.0,1.02,28.4,,,0.67,,,
"Scallops, sea, frozen, wild caught",Finfish and Shellfish Products,2747667,,,,,,,,,,13.5,,,,0.213,30.6,214.0,313.0,0.004,0.006,,,,,,,0.493,1.97,10.5,245.0,1.0,15.7,,,1.28,,,
"Sea bass, Chilean, frozen, wild caught",Finfish and Shellfish Products,2747668,,,,,,,,,,14.9,,,,0.0,16.6,152.0,109.0,0.0,0.0,,,,,,,16.6,0.139,6.82,236.0,0.295,69.4,,,0.588,,,
"Seeds, pumpkin seeds (pepitas), raw",Nut and Seed Products,2515380,,,,,,,,,,29.9,,,5.08,8.36,500.0,1150.0,0.0,1.22,4.12,,,,,,,40.0,18.7,37.4,691.0,6.34,20.5,,,,,,
"Seeds, sunflower seed kernels, dry roasted, with salt added",Nut and Seed Products,325524,0.0,0.473,0.507,169.0,1.2,0.297,5.36,0.0,13.0,21.0,1.5,2560.0,10.3,5.21,358.0,750.0,532.0,1.83,2.89,1.0,33.4,13.0,6.96,0.84,0.76,56.1,17.1,78.0,689.0,6.0,80.4,19.6,3.14,,,,
"Seeds, sunflower seed, kernel, raw",Nut and Seed Products,2515381,,,,,,,,,,18.9,,,7.22,4.37,302.0,732.0,0.0,1.88,2.63,,,,,,,48.4,24.5,116.0,657.0,5.58,17.8,,,,,,
"Sesame butter, creamy",Nut and Seed Products,2262073,,0.993,,108.0,1.71,,8.97,,26.1,19.7,,,8.37,7.0,357.0,719.0,63.6,1.65,1.61,,22.6,26.4,5.81,,0.595,62.4,14.2,116.0,408.0,6.04,46.5,0.0,,,,,13.3
"Shallots, bulb, peeled, root removed, raw",Vegetables and Vegetable Products,2727586,,,,,,,,,,1.38,,,2.2,0.332,15.1,54.6,3.64,0.08,0.146,,,,,,0.177,,,26.1,252.0,0.282,,,4.35,,,,1.36
"Snapper, frozen, wild caught",Finfish and Shellfish Products,2747669,,,,,,,,,,20.7,,,,0.201,27.5,199.0,93.1,0.019,0.0,,,,,,,0.569,0.441,13.9,349.0,0.364,71.4,,,1.57,,,
"Snow crab, legs only, frozen  ",Finfish and Shellfish Products,2747670,,,,,,,,,,15.5,,,,0.276,58.4,162.0,728.0,0.609,0.021,,,,,,,0.294,1.11,97.8,193.0,3.37,60.0,,,2.22,,,
"Sorghum bran, white, unenriched, dry, raw",Cereal Grains and Pasta,2710839,,0.556,,,,,,,,11.2,32.7,,35.0,14.2,274.0,517.0,2.92,0.841,3.81,,,,24.6,,0.408,9.26,68.7,61.7,852.0,4.4,,,,,,,109.0
"Sorghum flour, white, pearled, unenriched, dry, raw",Cereal Grains and Pasta,2710840,,0.394,,,,,,,,10.2,69.7,,3.3,2.22,107.0,246.0,0.0,0.214,1.18,,,,2.85,,0.133,3.24,73.5,7.89,274.0,1.32,,,,,,,9.01
"Sorghum grain, white, pearled, unenriched, dry, raw",Cereal Grains and Pasta,2710841,,0.416,,,,,,,,10.2,70.7,,3.92,2.04,109.0,243.0,0.0,0.208,1.18,,,,2.65,,0.144,3.26,74.9,7.45,274.0,1.28,,,,,,,8.96
"Sorghum, whole grain, white, dry, raw",Cereal Grains and Pasta,2710842,,0.45,,,,,,,,10.1,65.6,,8.27,3.9,136.0,294.0,0.329,0.3,1.54,,,,6.1,,0.191,4.22,73.6,14.9,367.0,1.77,,,,,,,26.1
"Soy milk, sweetened, plain, refrigerated",Legumes and Legume Products,2257044,,0.044,0.331,15.8,2.8,,,,,2.78,,,0.0,0.367,17.5,46.0,39.4,0.096,0.16,,,,0.133,,0.036,1.96,3.0,155.0,118.0,0.264,0.0,,,1.33,4.63,,2.16
"Soy milk, unsweetened, plain, shelf stable",Legumes and Legume Products,1999630,,0.063,0.084,19.7,,0.0,0.314,0.0,0.988,3.55,,,0.0,0.542,21.5,68.6,34.3,0.108,0.208,58.2,0.416,1.15,0.236,,0.055,2.12,1.29,101.0,158.0,0.312,1.94,0.156,0.557,0.393,0.681,,3.34
"Spinach, baby",Vegetables and Vegetable Products,1999632,26.5,0.077,0.194,116.0,,,,,,2.85,,,1.56,1.26,92.9,39.0,111.0,0.082,0.488,283.0,,,0.551,,0.195,0.619,2.41,68.4,582.0,0.447,0.0,,,,,,1.66
"Spinach, mature",Vegetables and Vegetable Products,1999633,30.3,0.076,0.192,113.0,,,,,,2.91,,,1.59,1.05,93.0,40.6,107.0,0.079,0.426,306.0,,,0.51,,0.214,0.604,2.64,66.6,460.0,0.423,0.0,,,,,,4.25
"Squash, pie pumpkin, peeled, seeded, raw",Vegetables and Vegetable Products,2727578,10.1,,,31.0,,,,,,0.854,,,2.3,0.063,12.8,22.3,0.312,0.062,0.049,,,,,,,,,16.4,472.0,0.139,,,4.14,,,,
"Squash, spaghetti, peeled, seeded, raw",Vegetables and Vegetable Products,2727579,5.55,,,12.7,,,,,,0.792,,,1.4,0.031,13.3,17.0,0.312,0.058,0.091,,,,,,0.104,,,16.6,267.0,0.105,,,4.01,,,,1.6
"Squash, summer, green, zucchini, includes skin, raw",Vegetables and Vegetable Products,2685568,15.0,,,71.0,,,,,,0.984,,,0.752,0.194,15.3,32.9,0.0,0.064,0.149,,,,,,,0.205,3.27,20.8,226.0,0.26,,,,,,,
"Squash, summer, yellow, includes skin, raw",Vegetables and Vegetable Products,2685569,17.0,,,36.0,,,,,,0.891,,,0.956,0.137,16.8,30.7,0.0,0.061,0.24,,,,,,,0.135,4.39,22.7,220.0,0.203,,,,,,,
"Squash, winter, acorn, raw",Vegetables and Vegetable Products,2685571,7.0,,,50.0,,,,,,1.25,,,2.64,0.308,23.8,42.0,0.0,0.087,0.187,,,,,,,0.182,10.5,24.8,332.0,0.294,,,,,,,
"Squash, winter, butternut, raw",Vegetables and Vegetable Products,2685570,7.6,,,55.0,,,,,,1.15,,,1.96,0.213,15.0,26.5,0.0,0.073,0.075,,,,,,,0.168,10.5,21.7,329.0,0.193,,,,,,,
"Squid (calamari), frozen, tubes only",Finfish and Shellfish Products,2747671,,,,,,,,,,8.81,,,,0.0,10.5,63.8,272.0,0.077,0.005,,,,,,,0.551,0.932,10.6,9.48,0.527,20.9,,,1.12,,,
"Strawberries, raw",Fruits and Fruit Juices,2346409,59.6,,,,,,,,,0.641,,,,0.255,12.5,23.0,0.0,0.035,0.368,,,,,,,0.22,7.96,16.9,161.0,0.114,,,4.86,,,,0.19
"Sugars, granulated",Sweets,746784,,,,,,,,,,0.0,,385.0,,0.05,0.3,0.0,1.0,0.007,0.004,,,,,,,0.32,99.6,1.0,2.0,0.01,,,99.8,,,,
"Sweet potatoes, orange flesh, without skin, raw",Vegetables and Vegetable Products,2346404,14.8,0.045,,,0.2,,,,,1.58,,,,0.398,19.1,36.7,0.0,0.187,0.417,,,,0.432,,0.124,0.375,17.3,22.3,486.0,0.337,0.0,,6.06,,,,
"Swordfish, frozen, wild caught",Finfish and Shellfish Products,2747672,,,,,,,,,,19.2,,,,0.096,26.7,235.0,56.9,0.02,0.0,,,,,,,8.12,0.45,3.62,414.0,0.541,60.7,,,0.87,,,
"Tomatillos, dehusked, raw",Vegetables and Vegetable Products,2727582,2.18,,,16.4,,,,,,1.06,,,1.7,0.245,13.5,24.2,0.311,0.052,0.12,,,,,,,,,7.14,239.0,0.159,,,2.87,,,,2.9
"Tomato juice, with added ingredients, from concentrate, shelf stable",Vegetables and Vegetable Products,2003596,49.8,0.042,,18.9,,,,,,0.859,,,,0.299,10.4,18.5,236.0,0.057,0.058,,,,0.086,,0.076,0.288,4.32,9.74,198.0,0.104,,,2.57,,,,
"Tomato, paste, canned, without salt added",Vegetables and Vegetable Products,2685580,18.4,,,,,,,,,4.23,,,4.7,3.18,49.6,91.2,61.2,0.295,0.332,,,,,,,0.732,20.2,36.8,972.0,0.511,,,11.7,,,,
"Tomato, puree, canned",Vegetables and Vegetable Products,2685582,10.4,,,,,,,,,1.58,,,1.97,1.24,19.3,34.1,29.4,0.123,0.14,,,,,,,0.265,8.04,17.6,416.0,0.208,,,4.31,,,,
"Tomato, roma",Vegetables and Vegetable Products,1999634,17.8,0.056,0.0,9.99,,,,,,0.696,,,0.971,0.103,8.09,19.1,0.0,0.032,0.087,23.9,,,0.533,,0.079,0.425,3.84,9.96,193.0,0.082,0.0,,,,,,0.469
"Tomato, sauce, canned, with salt added",Vegetables and Vegetable Products,2685579,9.2,,,,,,,,,1.35,,,1.64,1.11,18.7,29.2,417.0,0.089,0.131,,,,,,,0.382,6.33,17.1,356.0,0.183,,,3.52,,,,
"Tomatoes, canned, red, ripe, diced",Vegetables and Vegetable Products,333281,,,,,,,,,,0.84,,76.0,,0.57,9.8,18.0,125.0,0.052,0.068,,,,,,,0.5,3.32,30.0,198.0,0.12,,,2.99,,,,
"Tomatoes, crushed, canned",Vegetables and Vegetable Products,2685581,9.1,,,,,,,,,1.44,,,1.94,2.27,18.6,32.9,140.0,0.104,0.153,,,,,,,0.398,7.14,19.2,346.0,0.201,,,3.74,,,,
"Tomatoes, grape, raw",Vegetables and Vegetable Products,321360,27.2,0.075,0.065,10.0,4.2,,,,,0.83,,113.0,2.1,0.33,11.9,28.0,6.0,0.058,0.121,,,,0.805,,0.06,0.63,5.51,11.0,260.0,0.2,,0.98,,,,,
"Tomatoes, whole, canned, solids and liquids, with salt added",Vegetables and Vegetable Products,2685578,7.7,,,,,,,,,0.868,,,0.872,0.929,10.8,17.3,112.0,0.059,0.075,,,,,,,0.206,4.29,19.8,203.0,0.12,,,2.61,,,,
"Tuna, ahi or yellowfin, frozen, wild caught",Finfish and Shellfish Products,2747673,,,,,,,,,,24.7,,,,0.591,35.5,271.0,94.4,0.03,0.0,,,,,,,0.388,-0.104,3.19,420.0,0.352,76.5,,,1.37,,,
"Turkey, ground, 93% lean, 7% fat, pan-broiled crumbles",Poultry Products,746785,,0.088,0.262,,,0.144,2.97,0.004,3.05,27.1,,922.0,,1.56,29.1,259.0,90.0,0.166,0.01,30.0,3.78,3.49,8.09,1.4,0.497,11.6,0.0,31.0,304.0,3.77,28.4,0.18,,1.9,,104.0,
"Turkey, ground, 93% lean/ 7% fat, raw",Poultry Products,2514747,,,,,,0.081,2.26,,,17.3,,,,1.09,17.3,162.0,80.2,0.076,0.016,,2.87,2.59,,,,9.59,0.0,23.6,246.0,2.95,,,,,,82.3,
"Turnips, raw",Vegetables and Vegetable Products,2747674,26.8,,,60.2,,,,,,0.953,,,1.92,0.0,10.4,31.3,12.8,0.022,0.068,,,,,,0.118,0.119,7.27,32.7,262.0,0.156,,,5.09,,,,0.956
"Watermelon, seedless, flesh only, raw",Fruits and Fruit Juices,2747675,6.46,,,11.9,,,,,,0.871,,,,0.021,11.4,17.1,0.0,0.046,0.068,,,,,,,,,7.86,117.0,0.102,,,7.2,,,,
"Watermelon, seedless, rind only, raw",Fruits and Fruit Juices,2747676,7.09,0.033,0.072,29.7,,,,,,0.531,,,1.54,0.0,9.67,20.7,3.76,0.007,0.07,,,,0.169,,0.029,0.966,3.27,16.9,272.0,0.121,,,2.22,,,,
"Wild rice, dry, raw",Cereal Grains and Pasta,2710821,,0.339,,,,,,,,12.8,68.6,,4.26,1.53,108.0,355.0,1.01,0.487,1.32,,,,6.91,,0.393,1.7,75.7,7.97,299.0,5.84,,,,,,,2.12
"Yogurt, Greek, plain, nonfat",Dairy and Egg Products,330137,,0.022,0.281,,0.0,0.005,0.108,0.0,0.01,10.3,,61.0,,0.07,10.7,136.0,36.0,0.017,0.009,1.0,0.043,0.011,0.211,0.332,0.064,0.37,3.64,111.0,141.0,0.53,9.9,0.01,3.27,0.7,0.0,5.0,
"Yogurt, Greek, plain, whole milk",Dairy and Egg Products,2259794,,0.055,0.244,,0.2,,2.39,,0.106,8.78,,,,0.0,10.7,126.0,33.8,0.01,0.006,,0.958,,0.227,,0.044,4.39,4.75,111.0,147.0,0.473,,,3.25,,0.0,16.8,0.0
"Yogurt, Greek, strawberry, nonfat",Dairy and Egg Products,330415,0.2,,0.25,20.0,,0.002,0.103,0.0,0.015,8.06,0.0,347.0,0.6,0.09,10.4,113.0,32.0,0.02,0.034,0.0,0.029,0.021,0.208,0.363,0.05,0.15,12.2,97.0,133.0,0.46,9.8,,11.5,0.45,1.0,4.0,
"Yogurt, plain, nonfat",Dairy and Egg Products,2647437,,,,,,,,,,4.23,,,,0.0,15.2,127.0,51.5,0.0,0.0,,,,,,,0.087,8.08,167.0,210.0,0.599,,,,,0.217,3.38,
"Yogurt, plain, whole milk",Dairy and Egg Products,2259793,,0.055,0.243,,0.2,,2.32,,0.082,3.82,,,,0.0,11.4,101.0,41.8,0.003,0.002,,0.874,,0.135,,0.045,4.48,5.57,127.0,164.0,0.428,,,4.09,,0.778,14.2,0.0
